,time,virusc,bacteriac,grazerc
0,0.0,10000000.0,10000000.0,10000000.0
1,0.010012515644555695,8292531.622902483,7903748.033257074,8056.9331974852885
2,0.02002503128911139,7604674.911672178,6865875.914755293,6996.718684312339
3,0.030037546933667086,7137620.825421557,6074630.660166029,6189.482512658976
4,0.04005006257822278,6820772.028342902,5451451.969982897,5553.7102594134385
5,0.05006257822277847,6610643.75793614,4947948.020452233,5040.031403816746
6,0.06007509386733417,6478984.043048472,4532678.162575499,4616.369866538517
7,0.07008760951188986,6406640.8691532705,4184328.2802652493,4260.980770392671
8,0.08010012515644556,6380171.495138185,3887937.6407809625,3958.6010249625433
9,0.09011264080100126,6389862.6421477115,3632695.726277827,3698.2016397128345
10,0.10012515644555695,6428521.175662608,3410596.499596211,3471.6147542581716
11,0.11013767209011265,6490706.575663172,3215584.2680508345,3272.662301419845
12,0.12015018773466835,6572228.074522115,3042994.110919235,3096.5850795324372
13,0.13016270337922403,6669805.050004811,2889173.9388278127,2939.657190401983
14,0.14017521902377972,6780832.980034922,2751224.0427901424,2798.9203155198607
15,0.15018773466833543,6903217.796099095,2626812.763192041,2671.9956742330787
16,0.16020025031289112,7035256.6819329765,2514043.836963134,2556.948687873991
17,0.1702127659574468,7175550.857885987,2411359.338863483,2452.1899396833132
18,0.18022528160200252,7322940.689015012,2317467.469569437,2356.401521715265
19,0.1902377972465582,7476456.622188295,2231287.955858052,2268.481326435102
20,0.2002503128911139,7635281.960362616,2151910.6208147393,2187.500785574996
21,0.2102628285356696,7798723.803125598,2078563.0535575754,2112.671877265958
22,0.2202753441802253,7966190.469513737,2010585.482393143,2043.32149295896
23,0.23028785982478098,8137173.773113555,1947411.0358884926,1978.8713077628117
24,0.2403003754693367,8311234.7812003475,1888549.9111247119,1918.8216169612854
25,0.2503128911138924,8487992.449543344,1833576.7191209402,1862.7384347572086
26,0.26032540675844806,8667114.385468263,1782120.2073979438,1810.243007633344
27,0.27033792240300375,8848309.392808001,1733854.959646413,1761.0033413712379
28,0.28035043804755944,9031321.252675265,1688494.4820294802,1714.727151962193
29,0.2903629536921152,9215923.714921748,1645785.6245352137,1671.1561728779507
30,0.30037546933667086,9401916.147344034,1605503.7438383684,1630.0612215643478
31,0.31038798498122655,9589120.155148001,1567448.926511428,1591.238343208569
32,0.32040050062578224,9777376.534484094,1531442.616801456,1554.505373303156
33,0.3304130162703379,9966542.796369957,1497324.8519259922,1519.6991205405536
34,0.3404255319148936,10156491.028629856,1464951.8847881616,1486.6729265711153
35,0.3504380475594493,10347106.133954428,1434194.2210703883,1455.2946658427006
36,0.36045056320400504,10538284.24187314,1404934.8562202416,1425.4450013632556
37,0.3704630788485607,10729931.40101468,1377067.8184065798,1397.0158195142735
38,0.3804755944931164,10921962.438914098,1350496.9001920759,1369.9089280886656
39,0.3904881101376721,11114299.976996941,1325134.5571677692,1344.0350437508378
40,0.4005006257822278,11306873.568489173,1300900.954993497,1319.3127142059052
41,0.41051314142678347,11499618.953921517,1277723.1384674297,1295.6675072678938
42,0.4205256570713392,11692477.414684232,1255534.3122902575,1273.0312787396838
43,0.4305381727158949,11885395.186989687,1234273.1904794914,1251.3415037559523
44,0.4405506883604506,12078322.957422694,1213883.4299345515,1230.5407004976792
45,0.45056320400500627,12271215.473368742,1194313.196448566,1210.575987090807
46,0.46057571964956195,12464031.089208765,1175514.6737942637,1191.3985808553234
47,0.47058823529411764,12656731.437272446,1157443.6826248693,1172.963409694104
48,0.4806007509386734,12849281.13580555,1140059.3592659365,1155.2287838936618
49,0.49061326658322907,13041647.521036774,1123323.8618530175,1138.1560965334306
50,0.5006257822277848,13233800.343083145,1107202.0324599203,1121.7094792019338
51,0.5106382978723404,13425711.642152928,1091661.2439229984,1105.855646135485
52,0.5206508135168961,13617355.493931545,1076671.1328810249,1090.563620366433
53,0.5306633291614519,13808707.843791293,1062203.412840196,1075.8045420961712
54,0.5406758448060075,13999746.358162086,1048231.7065579474,1061.5514998236117
55,0.5506883604505632,14190450.27179512,1034731.3736919597,1047.7793584280637
56,0.5607008760951189,14380800.271650204,1021679.3847958941,1034.4646248881845
57,0.5707133917396746,14570778.375442097,1009054.186789482,1021.5853041923732
58,0.5807259073842304,14760367.8269284,996835.5844818596,1009.1207945219687
59,0.590738423028786,14949553.002168933,985004.6360880428,997.0517772207419
60,0.6007509386733417,15138319.320668364,973543.5562592786,985.3601026302739
61,0.6107634543178974,15326653.173123412,962435.634990727,974.0287179981564
62,0.6207759699624531,15514541.844564395,951665.1508762697,963.0415896987457
63,0.6307884856070087,15701973.45242169,941217.3022082971,952.3836249996618
64,0.6408010012515645,15888936.882484581,931078.1394071415,942.040584331199
65,0.6508135168961202,16075421.736211842,921234.5043576745,931.9990324847118
66,0.6608260325406758,16261418.286818827,911673.9769872717,922.2463056096683
67,0.6708385481852316,16446917.430202685,902384.823610014,912.7704479889852
68,0.6808510638297872,16631910.638772732,893355.949356399,903.5601427948528
69,0.690863579474343,16816389.921788886,884576.8560685714,894.604656412
70,0.7008760951188986,17000347.788015895,876037.5944094382,885.8938247535726
71,0.7108886107634543,17183777.25291127,867728.7620677421,877.4180961344223
72,0.7209011264080101,17366671.73025553,859641.4079274212,869.168320822406
73,0.7309136420525657,17549025.07093313,851767.0573795657,861.1358527384334
74,0.7409261576971214,17730831.508120894,844097.6569942716,853.3124752430887
75,0.7509386733416771,17912085.641686272,836625.5544852356,845.6903823003067
76,0.7609511889862328,18092782.40935683,829343.4683253432,838.2621447871525
77,0.7709637046307886,18272917.077103093,822244.475574495,831.0206997591464
78,0.7809762202753442,18452485.21654736,815321.9869088267,823.9593249598072
79,0.7909887359198999,18631482.687715773,808569.7322037854,817.0716237373321
80,0.8010012515644556,18809905.602523137,801981.7210674478,810.3514844450133
81,0.8110137672090113,18987750.33561872,795552.245173628,803.7930829022145
82,0.8210262828535669,19165013.500283785,789275.8572513286,797.3908618008672
83,0.8310387984981227,19341691.935535274,783147.356207818,791.1395152213661
84,0.8410513141426784,19517782.69582645,777161.77610985,785.033977444638
85,0.851063829787234,19693283.037509892,771314.3719209573,779.0694076672686
86,0.8610763454317898,19868190.399984892,765600.599107766,773.2411690945477
87,0.8710888610763454,20042502.40876365,760016.1140480705,767.5448283683342
88,0.8811013767209012,20216216.857132934,754556.7546611456,761.9761391509766
89,0.8911138923654568,20389331.70641392,749218.5388140625,756.5310403756191
90,0.9011264080100125,20561845.072234523,743997.6523223718,751.2056416787199
91,0.9111389236545683,20733755.217339333,738890.4394349391,745.9962140324818
92,0.9211514392991239,20905060.5419507,733893.3941335882,740.8991792940815
93,0.9311639549436797,21075759.575874865,729003.1521206818,735.9111037447856
94,0.9411764705882353,21245850.974189147,724216.4838056063,731.0286916995332
95,0.951188986232791,21415333.511784997,719530.2877897883,726.2487803952338
96,0.9612015018773468,21584206.079478715,714941.5859102606,721.5683334671967
97,0.9712140175219024,21752467.675934397,710447.5158293003,716.9844319743439
98,0.9812265331664581,21920117.403255176,706045.3264277568,712.4942678499251
99,0.9912390488110138,22087154.46087049,701732.3717890034,708.0951388435019
100,1.0012515644555695,22253578.14376411,697506.1068511549,703.784448836829
101,1.0112640801001251,22419387.83482324,693364.0811215898,699.5596977151956
102,1.0212765957446808,22584583.002295956,689303.9356190122,695.4184781764576
103,1.0312891113892366,22749163.19684869,685323.3986547485,691.3584744689173
104,1.0413016270337923,22913128.04527328,681420.2798621288,687.3774528769624
105,1.0513141426783479,23076477.252305362,677592.47086061,683.4732618790824
106,1.0613266583229037,23239210.591049336,673837.935782328,679.6438255295777
107,1.0713391739674594,23401327.906772025,670154.7145431299,675.8871428603679
108,1.081351689612015,23562829.10775898,666540.9131573212,672.2012805743923
109,1.0913642052565709,23723714.167239554,662994.7065691934,668.584377239697
110,1.1013767209011265,23883983.117032163,659514.3304607505,665.034631662503
111,1.1113892365456821,24043636.047731176,656098.0834242764,661.5503089003433
112,1.1214017521902377,24202673.103482142,652744.3196860098,658.1297305973396
113,1.1314142678347936,24361094.483046334,649451.4508845003,654.7712761767966
114,1.1414267834793492,24518900.434434243,646217.9404022794,651.4733786244554
115,1.1514392991239049,24676091.255714275,643042.303373696,648.2345229535553
116,1.1614518147684607,24832667.29200135,639923.10366988,645.0532432294143
117,1.1714643304130163,24988628.933174722,636858.9517217049,641.9281214706494
118,1.181476846057572,25143976.613516532,633848.5036509398,638.8577865218105
119,1.1914893617021276,25298710.80822461,630890.4578739229,635.8409100100871
120,1.2015018773466835,25452832.032981325,627983.5552798271,632.8762081347965
121,1.211514392991239,25606340.84152065,625126.5754897565,629.9624362523956
122,1.2215269086357947,25759237.82529915,622318.3375001434,627.0983893977318
123,1.2315394242803506,25911523.610397212,619557.6958861013,624.2828996846357
124,1.2415519399249062,26063198.859018575,616843.5417720487,621.5148350470005
125,1.2515644555694618,26214264.265017886,614174.7990524491,618.7930971224009
126,1.2615769712140175,26364720.556111123,611550.4258103678,616.1166235868308
127,1.2715894868585733,26514568.48944703,608969.4100427805,613.4843812055411
128,1.281602002503129,26663808.85252894,606430.7706752194,610.8953689561521
129,1.2916145181476846,26812442.46190077,603933.5563317932,608.348616681497
130,1.3016270337922404,26960470.16086093,601476.8422433342,605.8431810154682
131,1.311639549436796,27107892.820944056,599059.732695757,603.3781479175537
132,1.3216520650813517,27254711.338041577,596681.3562325449,600.9526286887648
133,1.3316645807259073,27400926.63342731,594340.8673305791,598.5657607778558
134,1.3416770963704632,27546539.652495917,592037.4450606873,596.2167064920327
135,1.3516896120150188,27691551.363006186,589770.2908427126,593.9046511081842
136,1.3617021276595744,27835962.75683837,587538.6299557475,591.6288042724228
137,1.3717146433041303,27979774.84596083,585341.7082125448,589.3883963430708
138,1.381727158948686,28122988.66411393,583178.7930163733,587.1826798549297
139,1.3917396745932415,28265605.26555764,581049.1721626659,585.0109282382239
140,1.4017521902377972,28407625.723530646,578952.152328303,582.8724340635415
141,1.411764705882353,28549051.131004203,576887.060108326,580.7665103465987
142,1.4217772215269087,28689882.59863059,574853.2393332733,578.6924877237411
143,1.4317897371714643,28830121.25517746,572850.0520444005,576.649715351521
144,1.4418022528160201,28969768.246565625,570876.8773641189,574.6375597947515
145,1.4518147684605758,29108824.734967027,568933.1104165249,572.6554040245343
146,1.4618272841051314,29247291.899334855,567018.1630398454,570.7026479310466
147,1.471839799749687,29385170.933426008,565131.4617127231,568.7787063811321
148,1.481852315394243,29522463.04661063,563272.4484623844,566.8830101275686
149,1.4918648310387985,29659169.462629247,561440.5795389925,565.0150043991098
150,1.5018773466833542,29795291.418848816,559635.3246395506,563.1741480766119
151,1.51188986232791,29930830.1674332,557856.1678747139,561.3599148820585
152,1.5219023779724656,30065786.973316487,556102.6059737292,559.5717913722167
153,1.5319148936170213,30200163.113776997,554374.1478287473,557.8092764836266
154,1.5419274092615771,30333959.87958341,552670.3157332212,556.0718828547975
155,1.5519399249061328,30467178.573020425,550990.6431714417,554.3591345594815
156,1.5619524405506884,30599820.50783854,549334.6748356046,552.6705671247406
157,1.571964956195244,30731887.009820703,547701.9676521542,551.0057284714177
158,1.5819774718397999,30863379.41518798,546092.0885837867,549.3641768216636
159,1.5919899874843555,30994299.070684534,544504.6149890539,547.7454809964696
160,1.6020025031289111,31124647.334114294,542939.1352922991,546.149221077815
161,1.612015018773467,31254425.57252762,541395.2469871549,544.5749864015835
162,1.6220275344180226,31383635.162654836,539872.55717929,543.0223760954437
163,1.6320400500625782,31512277.49144849,538370.6830499608,541.4909996359406
164,1.6420525657071339,31640353.95405374,536889.2499618741,539.9804747794042
165,1.6520650813516897,31767865.954597052,535427.8921751636,538.4904283821083
166,1.6620775969962454,31894814.906629927,533986.2532793201,537.0204968426912
167,1.672090112640801,32021202.23093363,532563.9840837007,535.5703239123719
168,1.6821026282853568,32147029.356502853,531160.7435589097,534.1395616832807
169,1.6921151439299125,32272297.720602978,529776.1991960016,532.7278708985145
170,1.702127659574468,32397008.76765015,528410.0255524401,531.3349195332542
171,1.7121401752190237,32521163.949092496,527061.9042200107,529.9603827492383
172,1.7221526908635796,32644764.723860435,525731.5243937288,528.6039434542664
173,1.7321652065081352,32767812.558055915,524418.5825379291,527.2652919686275
174,1.7421777221526908,32890308.92361309,523122.7810660358,525.9441246826372
175,1.7521902377972467,33012255.299176652,521843.8292371015,524.6401449689965
176,1.7622027534418023,33133653.1703199,520581.4433880601,523.3530634350333
177,1.772215269086358,33254504.02775374,519335.3451722753,522.0825960944549
178,1.7822277847309136,33374809.3682228,518105.2624670556,520.8284653154276
179,1.7922403003754694,33494570.694649294,516890.9296242146,519.5904000838757
180,1.802252816020025,33613789.51491473,515692.08613708505,518.3681346231148
181,1.8122653316645807,33732467.34219236,514508.4770664005,517.16140883971
182,1.8222778473091366,33850605.69500333,513339.8532010916,515.9699684815721
183,1.8322903629536922,33968206.096797355,512185.97060190514,514.7935646754514
184,1.8423028785982478,34085270.07550852,511046.5901068554,513.6319534273457
185,1.8523153942428034,34201799.1638895,509921.4777932748,512.4848960843965
186,1.8623279098873593,34317794.89953746,508810.40500941186,511.35215936384003
187,1.872340425531915,34433258.82364361,507713.14711899194,510.2335140899326
188,1.8823529411764706,34548192.481692,506629.4842510399,509.12873594418585
189,1.8923654568210264,34662597.423422284,505559.20143631386,508.0376056110941
190,1.902377972465582,34776475.20241823,504502.088124765,506.9599082839428
191,1.9123904881101377,34889827.37552344,503457.93745850783,505.89543291987917
192,1.9224030037546935,35002655.50319914,502426.54687776585,504.8439728620217
193,1.9324155193992492,35114961.150111474,501407.71859689354,503.80532632505384
194,1.9424280350438048,35226745.88358549,500401.25820449664,502.77929496520125
195,1.9524405506883604,35338011.27399584,499406.97503844515,501.76568426351065
196,1.9624530663329163,35448758.89484529,498424.6822703477,500.7643036125084
197,1.972465581977472,35558990.32347525,497454.19747381745,499.7749669014525
198,1.9824780976220275,35668707.138967484,496495.34091792465,498.7974907639385
199,1.9924906132665834,35777910.923413485,495547.9366026125,497.8316956424595
200,2.002503128911139,35886603.261587255,494611.8120256414,496.87740554749513
201,2.0125156445556946,35994785.74109395,493686.7983642766,495.93444824068564
202,2.0225281602002503,36102459.95136314,492772.72947355744,495.0026542200126
203,2.032540675844806,36209627.48424117,491869.4425224564,494.0818573630411
204,2.0425531914893615,36316289.933858044,490976.77798785246,493.17189492199475
205,2.0525657071339176,36422448.896414936,490094.5794134731,492.272607277968
206,2.0625782227784732,36528105.96983765,489222.69295433565,491.3838374765195
207,2.072590738423029,36633262.75393228,488360.96772501897,490.5054315825287
208,2.0826032540675845,36737920.85032082,487509.25611476734,489.63723900104026
209,2.09261576971214,36842081.86211449,486667.4128496967,488.7791115216989
210,2.1026282853566958,36945747.39388392,485835.2952510441,487.9309035817201
211,2.1126408010012514,37048919.05157781,485012.7632858406,487.0924723173817
212,2.1226533166458075,37151598.443196625,484199.67982883065,486.26367783272394
213,2.132665832290363,37253787.1780543,483395.9102577856,485.4443827855768
214,2.1426783479349187,37355486.86581071,482601.32192894287,484.63445185089336
215,2.1526908635794744,37456699.11758268,481815.78473930986,483.83375229651165
216,2.16270337922403,37557425.54564042,481039.17107127846,483.0421539262733
217,2.1727158948685856,37657667.76352727,480271.3559880164,482.2595292797154
218,2.1827284105131417,37757427.385068096,479512.21606896684,481.48575244259814
219,2.1927409261576973,37856706.02506044,478761.63030424743,480.7206999606508
220,2.202753441802253,37955505.29899129,478019.4798163728,479.9642505552314
221,2.2127659574468086,38053826.823206976,477285.64837525116,479.2162856472804
222,2.2227784730913642,38151672.214249484,476560.02106211474,478.47668799751483
223,2.23279098873592,38249043.089203574,475842.48517804156,477.74534263085746
224,2.2428035043804755,38345941.06549964,475132.9299439798,477.0221365310243
225,2.2528160200250316,38442367.76129596,474431.24689134856,476.3069590382057
226,2.262828535669587,38538324.79457384,473737.32903216855,475.59970100384146
227,2.272841051314143,38633813.783486076,473051.07121759,474.9002551556391
228,2.2828535669586985,38728836.346293986,472372.3701063481,474.20851606534967
229,2.292866082603254,38823394.10162737,471701.124332724,473.52438032079533
230,2.3028785982478097,38917488.66800067,471037.2341865334,472.84774619875526
231,2.3128911138923653,39011121.66352924,470380.6014280556,472.17851347582894
232,2.3229036295369214,39104294.70628514,469731.1295337998,471.51658367982924
233,2.332916145181477,39197009.41431912,469088.723729977,470.8618601239742
234,2.3429286608260327,39289267.405654535,468453.2909979392,470.2142479125082
235,2.3529411764705883,39381070.297360495,467824.739411199,469.57365326337504
236,2.362953692115144,39472419.70632402,467202.9787058787,468.9399840911323
237,2.3729662077596996,39563317.24893754,466587.9200637402,468.31314978533044
238,2.382978723404255,39653764.54128079,465979.4764385401,467.6930615429559
239,2.3929912390488113,39743763.19877759,465377.56211389235,467.07963191792544
240,2.403003754693367,39833314.83597728,464782.0924435644,466.47277455644627
241,2.4130162703379225,39922421.06680586,464192.98427923187,465.87240463276646
242,2.423028785982478,40011083.50439159,463610.15577532776,465.27843865030206
243,2.433041301627034,40099303.76164642,463033.52687825455,464.69079494070485
244,2.4430538172715894,40187083.45005945,462463.0183656966,464.10939268380974
245,2.453066332916145,40274424.180166535,461898.552245111,463.53415231415295
246,2.463078848560701,40361327.56160817,461340.0518183607,462.96499558690385
247,2.4730913642052568,40447795.202979214,460787.44157660863,462.4018454706369
248,2.4831038798498124,40533828.71251582,460240.64770435944,461.8446266615228
249,2.493116395494368,40619429.69641545,459699.59688823094,461.29326436809964
250,2.5031289111389237,40704599.76001259,459164.21717114246,460.7476851826641
251,2.5131414267834793,40789340.507404424,458634.4376961934,460.20781681998636
252,2.523153942428035,40873653.54148658,458110.18875346426,459.67358816511853
253,2.533166458072591,40957540.46416439,457591.40197004034,459.1449294674417
254,2.5431789737171466,41041002.87546319,457078.00960102706,458.62177161676726
255,2.5531914893617023,41124042.37418113,456569.9450801897,458.1040467055968
256,2.563204005006258,41206660.55764538,456067.14283841173,457.5916878437776
257,2.5732165206508135,41288859.02180285,455569.5384182421,457.0846292753412
258,2.583229036295369,41370639.36114099,455077.0684223018,456.5828063258716
259,2.593241551939925,41452003.16827634,454589.6701366513,456.0861550183218
260,2.603254067584481,41532952.03429318,454107.28188786755,455.59461243724144
261,2.6132665832290365,41613487.54857868,453629.84290762857,455.1081165906445
262,2.623279098873592,41693611.29914644,453157.29357737524,454.6266066595131
263,2.6332916145181477,41773324.87204679,452689.5750191702,454.1500225805355
264,2.6433041301627034,41852629.85131318,452226.6290704352,453.6783050203335
265,2.653316645807259,41931527.81925562,451768.3985069673,453.2113956028922
266,2.6633291614518146,42010020.35627773,451314.8269250586,452.7492367893336
267,2.6733416770963707,42088109.04092574,450865.8588144625,452.2917719523535
268,2.6833541927409263,42165795.45014131,450421.43983047275,451.83894565378927
269,2.693366708385482,42243081.15823553,449981.5158167096,451.3907026476852
270,2.7033792240300376,42319967.73769485,449546.03361757804,450.94698870914345
271,2.7133917396745932,42396456.75889925,449114.94082800543,450.5077503790102
272,2.723404255319149,42472549.79007831,448688.1857757005,450.0729349457749
273,2.7334167709637045,42548248.39800995,448265.7179096936,449.6424908419422
274,2.7434292866082606,42623554.14663917,447847.48705085216,449.2163668794345
275,2.753441802252816,42698468.597605586,447433.4436867724,448.7945125504272
276,2.763454317897372,42772993.310426794,447023.539078363,448.3768781360795
277,2.7734668335419275,42847129.84230725,446617.7251615418,447.9634146062469
278,2.783479349186483,42920879.74834537,446215.9546503919,447.5540737247648
279,2.7934918648310387,42994244.58166143,445818.1811022643,447.14880811589603
280,2.8035043804755944,43067225.89217651,445424.35833444155,446.74757066899275
281,2.8135168961201504,43139825.227720745,445034.4409605027,446.35031508590555
282,2.823529411764706,43212044.13366206,444648.3842154481,445.95699570251287
283,2.8335419274092617,43283884.15287017,444266.1439420239,445.56756747476925
284,2.8435544430538173,43355346.82621007,443887.67688124854,445.1819862750422
285,2.853566958698373,43426433.69141719,443512.940033127,444.80020824002975
286,2.8635794743429286,43497146.28377311,443141.8910518875,444.42219017390374
287,2.873591989987484,43567486.135992944,442774.48818825267,444.04788948942206
288,2.8836045056320403,43637454.778147474,442410.690251704,443.67726416943475
289,2.893617021276596,43707053.73777493,442050.4567163899,443.31027287495994
290,2.9036295369211516,43776284.53977843,441693.74765268154,442.9468748753419
291,2.913642052565707,43845148.706072226,441340.52345455426,442.58702977006067
292,2.923654568210263,43913647.75593085,440990.74513841915,442.2306977936753
293,2.9336670838548184,43981783.20583747,440644.3742349074,441.87783970539834
294,2.943679599499374,44049556.5694548,440301.3727813229,441.5284167813938
295,2.95369211514393,44116969.357881054,439961.7036734922,441.1823911736139
296,2.963704630788486,44184023.07893805,439625.32979816204,440.8397250249536
297,2.9737171464330414,44250719.237688005,439292.21471329144,440.50038116305535
298,2.983729662077597,44317059.33625251,438962.3224493346,440.16432289763935
299,2.9937421777221527,44383044.87378133,438635.6174991582,439.8315140102163
300,3.0037546933667083,44448677.34642117,438312.06480795913,439.50191874380056
301,3.0137672090112644,44513958.2486269,437991.63013672,439.1755021737026
302,3.02377972465582,44578889.07041537,437674.27929670183,438.85222942656503
303,3.0337922403003756,44643471.29888638,437359.97857128154,438.532066110716
304,3.0438047559449313,44707706.41828288,437048.6947312758,438.2149783318018
305,3.053817271589487,44771595.909753405,436740.3949674713,437.9009326239531
306,3.0638297872340425,44835141.251325116,436435.0468817296,437.58989594070965
307,3.073842302878598,44898343.9183909,436132.6187390455,437.28183591224104
308,3.0838548185231542,44961205.38290688,435833.07906497887,436.97672043453724
309,3.09386733416771,45023727.11334315,435536.39662544127,436.67451764878297
310,3.1038798498122655,45085910.5751883,435242.5406876043,436.37519620760935
311,3.113892365456821,45147757.23070861,434951.48090246116,436.0787251552529
312,3.1239048811013768,45209268.53892333,434663.18729707913,435.7850739196505
313,3.1339173967459324,45270445.955792286,434377.6304022953,435.4942124427198
314,3.143929912390488,45331290.93407367,434094.78117004683,435.2061110960157
315,3.153942428035044,45391804.922817364,433814.61065804673,434.9207403590229
316,3.1639549436795997,45451989.36793989,433537.09040469484,434.6380712016556
317,3.1739674593241554,45511845.71200828,433262.1922991807,434.3580749517307
318,3.183979974968711,45571375.39421679,432989.8885746437,434.08072328798903
319,3.1939924906132666,45630579.850516394,432720.1518575773,433.80598829048637
320,3.2040050062578223,45689460.513876036,432452.9552657428,433.5338425404631
321,3.214017521902378,45748018.81305296,432188.2719572237,433.2642586603769
322,3.224030037546934,45806256.17369162,431926.07553668873,432.9972097282899
323,3.2340425531914896,45864174.01797541,431666.33992893744,432.7326691488831
324,3.244055068836045,45921773.764605366,431409.03937276977,432.4706106472012
325,3.254067584480601,45979056.82881852,431154.1484258066,432.211008273571
326,3.2640801001251565,46036024.6231756,430901.64218101255,431.9538366245129
327,3.274092615769712,46092678.55551539,430651.49570345593,431.69907026808215
328,3.2841051314142677,46149020.030598916,430403.68448254827,431.44668420527665
329,3.294117647058824,46205050.44963139,430158.1843002555,431.19665373557564
330,3.3041301627033794,46260771.21024326,429914.971225605,430.9489544513354
331,3.314142678347935,46316183.70647112,429674.02160919266,430.70356223218454
332,3.3241551939924907,46371289.329684824,429435.31233478547,430.46045350177246
333,3.3341677096370463,46426089.46648571,429198.8202478941,430.21960464465695
334,3.344180225281602,46480585.50008995,428964.52253134403,429.98099238955666
335,3.3541927409261576,46534778.810181,428732.39666487026,429.7445937681199
336,3.3642052565707137,46588670.77278249,428502.4203902604,429.51038607935567
337,3.3742177722152693,46642262.76024091,428274.5717063296,429.2783468845065
338,3.384230287859825,46695556.1412083,428048.8288638959,429.04845400192187
339,3.3942428035043806,46748552.28141952,427825.17066013376,428.82068580738525
340,3.404255319148936,46801252.54201157,427603.57580686145,428.5950205895809
341,3.414267834793492,46853658.28047665,427384.0232911332,428.37143691800435
342,3.4242803504380475,46905770.85070831,427166.49239408603,428.1499136621912
343,3.4342928660826035,46957591.60284558,426950.96263375634,427.9304299333735
344,3.444305381727159,47009121.88325724,426737.41376064776,427.71296507995726
345,3.454317897371715,47060363.03452611,426525.82575329836,427.4974986829996
346,3.4643304130162704,47111316.39646967,426316.17908222874,427.2840108254861
347,3.474342928660826,47161983.30408324,426108.4541769707,427.072481548597
348,3.4843554443053817,47212365.088479705,425902.6316690368,426.86289109958244
349,3.4943679599499373,47262463.07721252,425698.6924752439,426.6552200167673
350,3.5043804755944934,47312278.594008185,425496.61772805336,426.4494490584853
351,3.514392991239049,47361812.95875267,425296.3887717187,426.2455591991473
352,3.5244055068836047,47411067.48747792,425097.98715843196,426.0435316253098
353,3.5344180225281603,47460043.4932033,424901.39483738475,425.8433479285712
354,3.544430538172716,47508742.28436129,424706.5937987348,425.6449897423152
355,3.5544430538172715,47557165.165275216,424513.5661806001,425.4484388508756
356,3.564455569461827,47605313.436670385,424322.29438358423,425.2536773063846
357,3.5744680851063833,47653188.39538457,424132.7610046507,425.0606873613054
358,3.584480600750939,47700791.33435654,423944.9488337273,424.8694514649675
359,3.5944931163954945,47748123.54261455,423758.8408503101,424.6799522601018
360,3.60450563204005,47795186.305873856,423574.4203554823,424.49217271754304
361,3.6145181476846058,47841980.90551629,423391.6707441743,424.30609590386
362,3.6245306633291614,47888508.6186805,423210.57552437164,424.12170500095414
363,3.634543178973717,47934770.71882897,423031.1184423739,423.93898343386445
364,3.644555694618273,47980768.47548296,422853.283423013,423.7579148097709
365,3.6545682102628287,48026503.15421267,422677.0545666128,423.5784829148917
366,3.6645807259073844,48071976.016627274,422502.4161459474,423.4006717113799
367,3.67459324155194,48117188.32084855,422329.3527118569,423.2244654450915
368,3.6846057571964956,48162141.32079724,422157.8489320546,423.04984848110786
369,3.6946182728410513,48206836.2660292,421987.88955346064,422.87680526530204
370,3.704630788485607,48251274.40237844,421819.45954592625,422.7053204709921
371,3.714643304130163,48295456.971692085,421652.54404184246,422.5353789373186
372,3.7246558197747186,48339385.21182189,421487.12833341566,422.3669656664656
373,3.7346683354192742,48383060.35661577,421323.1978699441,422.2000658208808
374,3.74468085106383,48426483.6364211,421160.73837326345,422.03466484106286
375,3.7546933667083855,48469656.277396336,420999.735678032,421.87074828260694
376,3.764705882352941,48512579.50110428,420840.17563706473,421.70830171961984
377,3.7747183979974968,48555254.525441416,420682.0443351333,421.54731096285417
378,3.784730913642053,48597682.56427659,420525.3280047853,421.38776197382134
379,3.7947434292866085,48639864.8274436,420370.0130238514,421.22964086224744
380,3.804755944931164,48681802.52073364,420216.0859129514,421.0729338835288
381,3.8147684605757197,48723496.84588788,420063.5333330011,420.9176274361879
382,3.8247809762202754,48764949.00148992,419912.3422120892,420.7637081913111
383,3.834793491864831,48806160.18212177,419762.4996227251,420.61116296731797
384,3.844806007509387,48847131.57676362,419613.9925504056,420.4599784938566
385,3.8548185231539427,48887864.37118888,419466.8082364644,420.3101417615727
386,3.8648310387984983,48928359.747122176,419320.93405562756,420.1616398971933
387,3.874843554443054,48968618.882234,419176.35751381924,420.01446016128756
388,3.8848560700876096,49008642.950135276,419033.0662459671,419.8685899460277
389,3.894868585732165,49048433.12037196,418891.04801380815,419.72401677294994
390,3.904881101376721,49087990.55903072,418750.2908064709,419.5807283955914
391,3.914893617021277,49127316.42850442,418610.78279974504,419.4387127579277
392,3.9249061326658325,49166411.88556314,418472.51203035994,419.2979576619991
393,3.934918648310388,49205278.083690815,418335.4667877024,419.1584511676288
394,3.944931163954944,49243916.1723113,418199.63548235974,419.0201814582815
395,3.9549436795994994,49282327.29678471,418065.0066442148,418.88313683911923
396,3.964956195244055,49320512.598403685,417931.5689205409,418.7473057350578
397,3.9749687108886107,49358473.21438977,417799.31107409706,418.612676688823
398,3.9849812265331668,49396210.2782576,417668.2220449395,418.47923842402395
399,3.9949937421777224,49433724.919976406,417538.2909771275,418.34697987240344
400,4.005006257822278,49471018.2640551,417409.5068858063,418.21588983412767
401,4.015018773466833,49508091.431584276,417281.85900959146,418.0859573373616
402,4.025031289111389,49544945.53958919,417155.3366972551,417.9571715226426
403,4.035043804755945,49581581.701027445,417029.9294060479,417.82952164116875
404,4.045056320400501,49618001.02478661,416905.62670002185,417.702997053087
405,4.055068836045057,49654204.61568184,416782.4182483525,417.57758722578154
406,4.065081351689612,49690193.574715704,416660.2938603154,417.4532817695581
407,4.075093867334168,49725968.99954831,416539.24354967556,417.3300705033359
408,4.085106382978723,49761531.98225158,416419.2572193542,417.2079431329324
409,4.095118898623279,49796883.611508384,416300.3249675514,417.08688956338165
410,4.105131414267835,49832024.97194051,416182.43699244055,416.96689980169907
411,4.11514392991239,49866957.144107535,416065.58359066676,416.8479639553497
412,4.1251564455569465,49901681.20450576,415949.7551558455,416.73007223071625
413,4.135168961201502,49936198.225567035,415834.94217706105,416.6132149315669
414,4.145181476846058,49970509.275843084,415721.1352592497,416.4973824798521
415,4.155193992490613,50004615.42082702,415608.32521884405,416.382565513292
416,4.165206508135169,50038517.72015256,415496.5027516811,416.2687545465388
417,4.175219023779725,50072217.230173364,415385.65873620135,416.15594028053437
418,4.18523153942428,50105715.00319764,415275.78414169996,416.04411350889757
419,4.195244055068836,50139012.0874884,415166.8700269834,415.9332651165537
420,4.2052565707133915,50172109.527263634,415058.9075390259,415.8233860783635
421,4.215269086357948,50205008.36269661,414951.88791162625,415.71446745775273
422,4.225281602002503,50237709.63004232,414845.8024781824,415.60650041974776
423,4.235294117647059,50270214.36306968,414740.64283042797,415.4994763929594
424,4.245306633291615,50302523.58886757,414636.4003482035,415.39338658973617
425,4.25531914893617,50334638.33161831,414533.0666199445,415.28822243525264
426,4.265331664580726,50366559.611481845,414430.6333165645,415.18397543881343
427,4.275344180225281,50398288.44459697,414329.09219022654,415.08063719259974
428,4.2853566958698375,50429825.84308261,414228.4350731154,414.9781993704163
429,4.2953692115143935,50461172.81503904,414128.65387620934,414.87665372643795
430,4.305381727158949,50492330.36454921,414029.74058805156,414.7759920939567
431,4.315394242803505,50523299.49167998,413931.6872735223,414.6762063841281
432,4.32540675844806,50554081.19414248,413834.4862875885,414.57728880409337
433,4.335419274092616,50584676.46348076,413738.12978005887,414.4792313516052
434,4.345431789737171,50615086.28765334,413642.61002869694,414.3820261549536
435,4.355444305381727,50645311.6508972,413547.91942020296,414.28566545355943
436,4.365456821026283,50675353.533463724,413454.050414607,414.1901415616391
437,4.375469336670839,50705212.91162108,413360.99554418784,414.09544686710166
438,4.385481852315395,50734890.75765663,413268.74741239165,414.0015738304453
439,4.39549436795995,50764388.03987931,413177.2986927506,413.9085149836541
440,4.405506883604506,50793705.72262203,413086.64212780196,413.8162629290946
441,4.415519399249061,50822844.767574675,412996.77066828636,413.7248104815395
442,4.425531914893617,50851806.1315795,412907.67723939096,413.63415042966676
443,4.435544430538173,50880590.76653217,412819.35472898465,413.5442755240557
444,4.4455569461827285,50909199.62114608,412731.79617229087,413.4551786656079
445,4.4555694618272845,50937633.64019946,412644.9946711717,413.36685282319286
446,4.46558197747184,50965893.76453906,412558.9433931909,413.27929103269196
447,4.475594493116396,50993980.93108395,412473.63557067676,413.1924863960424
448,4.485607008760951,51021896.072829254,412389.0644997851,413.1064320802809
449,4.495619524405507,51049640.11884998,412305.2235395619,413.02112131658754
450,4.505632040050063,51077213.994910225,412222.106170831,412.9365474603814
451,4.515644555694618,51104618.62342134,412139.70599074493,412.8527039857599
452,4.525657071339174,51131854.920954645,412058.0164657453,412.769584233391
453,4.53566958698373,51158923.80115447,411977.0312180514,412.68718170287974
454,4.545682102628286,51185826.17378769,411896.7439304447,412.6054899555991
455,4.555694618272841,51212562.94474856,411817.1483454447,412.52450261384934
456,4.565707133917397,51239135.016063675,411738.2382644851,412.4442133600171
457,4.575719649561953,51265543.28589686,411660.0075470898,412.3646159357351
458,4.585732165206508,51291788.64855408,411582.45011004887,412.28570414104115
459,4.595744680851064,51317871.99460038,411505.5599378051,412.207471844975
460,4.605757196495619,51343794.21205379,411429.33120061195,412.12991310613444
461,4.6157697121401755,51369556.182876706,411353.75790211564,412.0530218131059
462,4.625782227784731,51395158.78614958,411278.8341956279,411.976792007155
463,4.635794743429287,51420602.89713745,411204.5542893979,411.90121778557597
464,4.645807259073843,51445889.38729569,411130.91244587506,411.82629330093977
465,4.655819774718398,51471019.124275826,411057.9029809721,411.7520127603421
466,4.665832290362954,51495992.97193128,410985.52026332833,411.67837042465135
467,4.675844806007509,51520811.79032314,410913.7587135725,411.6053606077568
468,4.685857321652065,51545476.43572599,410842.6128035859,411.5329776758166
469,4.6958698372966206,51569987.76174732,410772.0771699034,411.46121616300513
470,4.705882352941177,51594346.61676582,410702.14634984004,411.39007050218095
471,4.715894868585733,51618553.84569029,410632.81496043236,411.3195352075297
472,4.725907384230288,51642610.28985507,410564.07768638653,411.24960486226416
473,4.735919899874844,51666516.78685299,410495.92926163145,411.1802740997948
474,4.745932415519399,51690274.170541905,410428.36446865887,411.1115376030577
475,4.755944931163955,51713883.27105124,410361.37813786435,411.043390103841
476,4.76595744680851,51737344.91478849,410294.96514688747,410.9758263821125
477,4.7759699624530665,51760659.92444581,410229.1204199529,410.90884126534695
478,4.785982478097623,51783829.11989408,410163.83902136574,410.84242972391195
479,4.795994993742178,51806853.31662981,410099.11598940205,410.77658670159957
480,4.806007509386734,51829733.32584423,410034.9463422913,410.71130712172993
481,4.816020025031289,51852469.95556224,409971.3251976799,410.6465860090298
482,4.826032540675845,51875064.01013864,409908.2477178362,410.58241843372997
483,4.8360450563204,51897516.290265135,409845.709109047,410.5187995109496
484,4.846057571964956,51919827.59297744,409783.7046210147,410.45572440008027
485,4.856070087609512,51941998.711662345,409722.2295462531,410.3931883041707
486,4.866082603254068,51964030.43606473,409661.27921948436,410.3311864693104
487,4.876095118898624,51985923.55229467,409600.84901703545,410.2697141840147
488,4.886107634543179,52007678.84283448,409540.9343562348,410.2087667786083
489,4.896120150187735,52029297.0892444,409481.5309112534,410.14833984547596
490,4.90613266583229,52050779.0652771,409422.6340596798,410.08842867433276
491,4.916145181476846,52072125.54268731,409364.2393473142,410.0290287265125
492,4.926157697121402,52093337.289749645,409306.3423681219,409.97013551246897
493,4.9361702127659575,52114415.07116854,409248.93875583843,409.9117445832096
494,4.9461827284105135,52135359.648086235,409192.0241834391,409.8538515297544
495,4.956195244055069,52156171.778090715,409135.59436260967,409.79645198259567
496,4.966207759699625,52176852.21522375,409079.64504321653,409.7395416111576
497,4.97622027534418,52197401.70998882,409024.172012777,409.6831161232558
498,4.986232790988736,52217821.00935913,408969.1710959295,409.6271712645566
499,4.996245306633292,52238110.857454345,408914.63821734855,409.57170288278445
500,5.006257822277847,52258271.99547172,408860.56939392135,409.5167069197383
501,5.016270337922403,52278305.15887638,408806.9604669155,409.4621791379573
502,5.026282853566959,52298211.08077916,408753.8074211355,409.4081154464337
503,5.036295369211515,52317990.490818225,408701.106277538,409.35451179102245
504,5.04630788485607,52337644.11516779,408648.8530927738,409.3013641539734
505,5.056320400500626,52357172.676546864,408597.0439587292,409.24866855346374
506,5.066332916145182,52376576.89422797,408545.67500206723,409.19642104313
507,5.076345431789737,52395857.48404588,408494.74238376936,409.1446177116003
508,5.086357947434293,52415015.158406354,408444.24229867704,409.0932546820266
509,5.0963704630788484,52434050.62629486,408394.17097503314,409.04232811161677
510,5.1063829787234045,52452964.59432164,408344.5247870876,408.99183430654693
511,5.11639549436796,52471757.764576845,408295.30001968145,408.9417694817237
512,5.126408010012516,52490430.83558006,408246.4929704257,408.8921298650558
513,5.136420525657072,52508984.50284874,408198.1000103131,408.8429117593077
514,5.146433041301627,52527419.45853594,408150.1175427773,408.79411150031996
515,5.156445556946183,52545736.39143952,408102.5420032893,408.74572545659777
516,5.166458072590738,52563935.98701139,408055.3698589548,408.6977500289002
517,5.176470588235294,52582018.92736678,408008.5976081114,408.6501816498289
518,5.18648310387985,52599985.89129342,407962.2217799254,408.60301678341705
519,5.196495619524406,52617837.55426085,407916.2389339892,408.5562519247184
520,5.206508135168962,52635574.58849734,407870.645667271,408.50988360689917
521,5.216520650813517,52653197.663977504,407825.43871993513,408.4639085092178
522,5.226533166458073,52670707.445574515,407780.61466474464,408.4183231400887
523,5.236545682102628,52688104.59566923,407736.17018893536,408.3731241247093
524,5.246558197747184,52705389.77337972,407692.10200915486,408.32830811826295
525,5.256570713391739,52722563.63457088,407648.40687110275,408.2838718055518
526,5.2665832290362955,52739626.831864074,407605.08154917037,408.2398119006295
527,5.276595744680852,52756580.01464677,407562.1228460808,408.1961251464337
528,5.286608260325407,52773423.82908216,407519.527592529,408.152808314419
529,5.296620775969963,52790158.91811885,407477.29264682165,408.1098582041895
530,5.306633291614518,52806785.92150043,407435.41489451705,408.06727164313133
531,5.316645807259074,52823305.47622486,407393.8912947318,408.02504553366873
532,5.326658322903629,52839718.21608865,407352.7188314778,407.9831768036032
533,5.336670838548185,52856024.77088094,407311.89442868205,407.94166231939266
534,5.346683354192741,52872225.76771121,407271.415086596,407.9004990253557
535,5.356695869837297,52888321.830540955,407231.277831836,407.8596838926889
536,5.366708385481853,52904313.58019367,407191.4797170621,407.8192139191384
537,5.376720901126408,52920201.63436484,407152.01782065607,407.7790861286723
538,5.386733416770964,52935986.60763199,407112.8892464005,407.7392975711525
539,5.396745932415519,52951669.11146465,407074.09112315683,407.69984532200675
540,5.406758448060075,52967249.75423437,407035.6206045441,407.66072648190055
541,5.416770963704631,52982729.14122478,406997.4748686176,407.6219381764095
542,5.4267834793491865,52998107.87569012,406959.6512322384,407.5834776727376
543,5.4367959949937426,53013386.55637903,406922.1468788162,407.54534210186927
544,5.446808510638298,53028565.779231995,406884.95904255303,407.5075286465964
545,5.456821026282854,53043646.13736282,406848.08500500093,407.4700345380059
546,5.466833541927409,53058628.220854364,406811.5220713037,407.4328570312332
547,5.476846057571965,53073512.61676881,406775.26756990346,407.3959934051635
548,5.486858573216521,53088299.90915789,406739.3188522473,407.35944096213177
549,5.496871088861076,53102990.6790732,406703.6732924937,407.32319702762385
550,5.506883604505632,53117585.50457644,406668.3282872192,407.28725894997694
551,5.516896120150188,53132084.96074966,406633.28125512484,407.2516241000801
552,5.526908635794744,53146489.61970557,406598.52963674284,407.21628987107505
553,5.536921151439299,53160800.05059775,406564.0708941429,407.18125367805675
554,5.546933667083855,53175016.8202463,406529.90261578007,407.1465130650717
555,5.556946182728411,53189140.492004,406496.0223207188,407.1120655053265
556,5.566958698372966,53203171.625919275,406462.42748442665,407.07790842751064
557,5.576971214017522,53217110.77947786,406429.1156634553,407.044039343035
558,5.5869837296620775,53230958.50726337,406396.08443539497,407.0104557847551
559,5.5969962453066335,53244715.360967785,406363.3313986168,406.9771553067079
560,5.607008760951189,53258381.8894019,406330.85417201533,406.9441354838492
561,5.617021276595745,53271958.63850581,406298.6503947508,406.9113939117909
562,5.627033792240301,53285446.15135937,406266.71772599156,406.87892820653803
563,5.637046307884856,53298844.96819271,406235.0538446565,406.84673600422616
564,5.647058823529412,53312155.626396656,406203.65644915734,406.81481496085837
565,5.657071339173967,53325378.660533234,406172.5232571411,406.78316275204264
566,5.667083854818523,53338514.602734804,406141.6520705152,406.75177713934426
567,5.677096370463079,53351563.98240215,406111.04072272335,406.7206559164859
568,5.687108886107635,53364527.325220555,406080.6869114556,406.6897967386422
569,5.697121401752191,53377405.15460648,406050.588439631,406.65919736834223
570,5.707133917396746,53390197.99120557,406020.74312906264,406.628855587372
571,5.717146433041302,53402906.35290338,405991.1488202351,406.5987691965476
572,5.727158948685857,53415530.754836,405961.8033720823,406.5689360154883
573,5.737171464330413,53428071.70940077,405932.7046617651,406.5393538823902
574,5.747183979974968,53440529.72626697,405903.850584449,406.5100206537989
575,5.7571964956195245,53452905.31238649,405875.2390530822,406.48093420438335
576,5.767209011264081,53465198.972004496,405846.8679981726,406.4520924267086
577,5.777221526908636,53477411.20667015,405818.73536756623,406.4234932310093
578,5.787234042553192,53489542.51531128,405790.8391492699,406.3951345684825
579,5.797246558197747,53501593.39441514,405763.1774324933,406.36701449358605
580,5.807259073842303,53513564.33728641,405735.74813634536,406.3391308871516
581,5.817271589486858,53525455.83482032,405708.5492841898,406.31148173638667
582,5.827284105131414,53537268.375271514,405681.57891635236,406.2840650457851
583,5.8372966207759704,53549002.44426483,405654.8350899259,406.2568788369286
584,5.847309136420526,53560658.52480609,405628.3158785757,406.2299211482881
585,5.857321652065082,53572237.097292826,405602.01937234506,406.2031900350253
586,5.867334167709637,53583738.63952505,405575.9436774604,406.1766835687942
587,5.877346683354193,53595163.62671602,405550.08691613685,406.15039983754235
588,5.887359198998748,53606512.53150298,405524.4472263834,406.1243369453125
589,5.897371714643304,53617785.823957965,405499.0227618084,406.098493012044
590,5.90738423028786,53628983.971598506,405473.81169142487,406.0728661733743
591,5.9173967459324155,53640107.43914827,405448.8123072077,406.04745469037783
592,5.927409261576972,53651156.689204946,405424.0227408461,406.022256660573
593,5.937421777221527,53662132.181678176,405399.44121029135,405.9972702694716
594,5.947434292866083,53673034.37395924,405375.06595109915,405.9724937205274
595,5.957446808510638,53683863.7209374,405350.8952138366,405.9479252324917
596,5.967459324155194,53694620.67501061,405326.9272639089,405.9235630392361
597,5.97747183979975,53705305.686096214,405303.1603813859,405.8994053895755
598,5.987484355444305,53715919.20164168,405279.5928608286,405.87545054709136
599,5.997496871088861,53726461.66663529,405256.22301111574,405.85169678995453
600,6.007509386733417,53736933.523616865,405233.0491552701,405.8281424107486
601,6.017521902377973,53747335.21268847,405210.0696302855,405.80478571629277
602,6.027534418022529,53757667.171525106,405187.2827869528,405.7816250274649
603,6.037546933667084,53767929.83495302,405164.6870626978,405.758658753549
604,6.04755944931164,53778123.6359535,405142.2808137338,405.73588522090927
605,6.057571964956195,53788249.0050634,405120.0624179186,405.71330277797836
606,6.067584480600751,53798306.37032104,405098.0302855132,405.69090980624037
607,6.0775969962453065,53808296.15738822,405076.18284022174,405.6687047008768
608,6.0876095118898625,53818218.789560795,405054.5185190364,405.6466858706092
609,6.097622027534419,53828074.68777932,405033.03577208315,405.62485173754135
610,6.107634543178974,53837864.2706396,405011.733062467,405.60320073700166
611,6.11764705882353,53847587.95440332,404990.6088661174,405.5817313173854
612,6.127659574468085,53857246.15300863,404969.6616716337,405.56044193999713
613,6.137672090112641,53866839.27808078,404948.8899801305,405.53933107889304
614,6.147684605757196,53876367.73894263,404928.292305083,405.51839722072316
615,6.157697121401752,53885831.9420705,404907.86723643297,405.4976389301225
616,6.1677096370463085,53895232.292096466,404887.6133255714,405.4770547323877
617,6.177722152690864,53904569.19183405,404867.529083446,405.45664311154735
618,6.18773466833542,53913843.041455254,404847.61307693756,405.43640260866954
619,6.197747183979975,53923054.23887915,404827.8638849306,405.41633177705273
620,6.207759699624531,53932203.17978238,404808.2800981727,405.3964291820814
621,6.217772215269086,53941290.25760961,404788.86031913327,405.3766934010828
622,6.227784730913642,53950315.863584034,404769.6031618623,405.3571230231825
623,6.237797246558198,53959280.386717826,404750.5072518499,405.3377166491612
624,6.2478097622027535,53968184.21382267,404731.57122588484,405.31847289131053
625,6.25782227784731,53977027.72952022,404712.79373191355,405.29939037328904
626,6.267834793491865,53985811.316252545,404694.1734288993,405.2804677299789
627,6.277847309136421,53994535.35429268,404675.7089866811,405.2617036073417
628,6.287859824780976,54003200.22175506,404657.39908583235,405.24309666227464
629,6.297872340425532,54011806.29398417,404639.24249360414,405.22464564010915
630,6.307884856070088,54020353.944525726,404621.2379462407,405.2063492545161
631,6.317897371714643,54028843.54556178,404603.38409688603,405.18820613434514
632,6.3279098873591995,54037275.46661746,404585.67967495765,405.17021498626326
633,6.337922403003755,54045650.075107165,404568.1234204566,405.1523745277196
634,6.347934918648311,54053967.736344956,404550.7140838448,405.1346834868198
635,6.357947434292866,54062228.81355484,404533.4504259218,405.11714060220083
636,6.367959949937422,54070433.66788113,404516.331217702,405.0997446229055
637,6.377972465581978,54078582.65839877,404499.3552402916,405.0824943082572
638,6.387984981226533,54086676.14212366,404482.52128476603,405.06538842773443
639,6.397997496871089,54094714.47402304,404465.8281520464,405.0484257608455
640,6.4080100125156445,54102698.00702574,404449.2746527772,405.0316050970032
641,6.418022528160201,54110627.0920326,404432.85960720293,405.0149252353994
642,6.428035043804756,54118502.077926725,404416.5818450454,404.99838498487975
643,6.438047559449312,54126323.31057472,404400.440269495,404.981983229238
644,6.448060075093868,54134091.134086475,404384.4337777034,404.96571884608966
645,6.458072590738423,54141805.89235169,404368.56116370676,404.94959060781923
646,6.468085106382979,54149467.92617568,404352.8213009172,404.933597367787
647,6.478097622027534,54157077.5743894,404337.21307214187,404.9177379889234
648,6.48811013767209,54164635.17385944,404321.7353694771,404.9020113436214
649,6.498122653316646,54172141.059498124,404306.38709420315,404.8864163136286
650,6.508135168961202,54179595.56427355,404291.16715667874,404.8709517899402
651,6.518147684605758,54186999.019219644,404276.07447623526,404.8556166726909
652,6.528160200250313,54194351.753446236,404261.1079810716,404.84040987104765
653,6.538172715894869,54201654.094149135,404246.26660814823,404.8253303031019
654,6.548185231539424,54208906.36662015,404231.5493030822,404.81037689576203
655,6.55819774718398,54216108.894257165,404216.95502004126,404.7955485846458
656,6.5682102628285355,54223261.99857423,404202.4827216384,404.78084431397275
657,6.578222778473092,54230365.998121604,404188.131421688,404.7662630801862
658,6.588235294117648,54237421.209409066,404173.9001491908,404.75180389520904
659,6.598247809762203,54244427.94974395,404159.7878370167,404.73746567287213
660,6.608260325406759,54251386.533067495,404145.79348593013,404.72324739626146
661,6.618272841051314,54258297.271476865,404131.9161050261,404.70914805694815
662,6.62828535669587,54265160.47523489,404118.1547116385,404.69516665489476
663,6.638297872340425,54271976.45277976,404104.5083312478,404.68130219836155
664,6.648310387984981,54278745.510734774,404090.97599738924,404.6675537038125
665,6.6583229036295375,54285467.95391801,404077.55675156094,404.6539201958215
666,6.668335419274093,54292144.08535207,404064.24964313174,404.64040070697905
667,6.678347934918649,54298774.20627382,404051.05372924934,404.6269942777979
668,6.688360450563204,54305358.61614403,404037.9680747484,404.61369995661966
669,6.69837296620776,54311897.612657174,404024.9917520583,404.60051679952085
670,6.708385481852315,54318391.49175109,404012.1238411115,404.5874438702192
671,6.718397997496871,54324840.54666319,403999.3634570112,404.5744802683009
672,6.728410513141427,54331245.0682196,403986.70974180213,404.56162512082517
673,6.7384230287859825,54337605.34872335,403974.1617514727,404.5488774670416
674,6.748435544430539,54343921.67703989,403961.718599212,404.53623640454396
675,6.758448060075094,54350194.340315744,403949.3794055702,404.52370103842264
676,6.76846057571965,54356423.62398783,403937.1432983767,404.5112704811813
677,6.778473091364205,54362609.81179283,403925.0094126587,404.4989438526541
678,6.788485607008761,54368753.18577653,403912.97689055966,404.48672027992217
679,6.798498122653317,54374854.02630323,403901.0448812577,404.47459889723075
680,6.808510638297872,54380912.61206502,403889.21254088415,404.462578845906
681,6.8185231539424285,54386929.220091194,403877.4790324421,404.45065927427186
682,6.828535669586984,54392904.125757605,403865.84352572454,404.4388393375669
683,6.83854818523154,54398837.602795996,403854.3051972333,404.4271181978613
684,6.848560700876095,54404729.92330338,403842.86323009705,404.4154950239737
685,6.858573216520651,54410581.356967285,403831.51683429856,404.4039690121064
686,6.868585732165207,54416392.17069004,403820.26525656733,404.39253939593823
687,6.878598247809762,54422162.6334497,403809.1076546383,404.3812053183442
688,6.888610763454318,54427893.0107538,403798.04324106616,404.3699659781138
689,6.8986232790988735,54433583.56651085,403787.0712349105,404.35882058066045
690,6.90863579474343,54439234.56303939,403776.19086166366,404.34776833794837
691,6.918648310387985,54444846.26107698,403765.40135317866,404.33680846841867
692,6.928660826032541,54450418.91978918,403754.70194759715,404.32594019691595
693,6.938673341677097,54455952.79677856,403744.0918892769,404.3151627546149
694,6.948685857321652,54461448.14809367,403733.5704287204,404.3044753789465
695,6.958698372966208,54466905.22823807,403723.13682250166,404.2938773135247
696,6.968710888610763,54472324.29017929,403712.7903331952,404.2833678080728
697,6.9787234042553195,54477705.585357845,403702.530229303,404.27294611835
698,6.988735919899875,54483049.36369622,403692.3557851831,404.26261150607763
699,6.998748435544431,54488355.87276523,403682.2663008024,404.2523632590905
700,7.008760951188987,54493625.356447,403672.26113333274,404.24220072356843
701,7.018773466833542,54498858.06285007,403662.33951106714,404.2321231142072
702,7.028785982478098,54504054.23576576,403652.5007345711,404.22212971941883
703,7.038798498122653,54509214.11750229,403642.744110141,404.2122198334504
704,7.048811013767209,54514337.94889352,403633.0689497385,404.2023927563173
705,7.0588235294117645,54519425.96930766,403623.47457092546,404.192647793737
706,7.068836045056321,54524478.41665595,403613.9602967984,404.1829842570622
707,7.078848560700877,54529495.52740138,403604.52545592317,404.1734014632141
708,7.088861076345432,54534477.5365674,403595.16938227013,404.1638987346163
709,7.098873591989988,54539424.67774661,403585.8914151481,404.15447539912793
710,7.108886107634543,54544337.183109455,403576.6908991397,404.14513078997703
711,7.118898623279099,54549215.28341298,403567.5671840356,404.13586424569417
712,7.128911138923654,54554059.20800946,403558.5196247695,404.1266751100457
713,7.13892365456821,54558869.18485516,403549.54758135264,404.1175627319674
714,7.1489361702127665,54563645.44051904,403540.65041880857,404.1085264654975
715,7.158948685857322,54568388.199887104,403531.82751294627,404.0995656756664
716,7.168961201501878,54573097.680305004,403523.0783628475,404.0906798532425
717,7.178973717146433,54577774.10919386,403514.402252978,404.0818682700581
718,7.188986232790989,54582417.707430355,403505.7985721705,404.0731303043986
719,7.198998748435544,54587028.69453182,403497.2667142417,404.0644653396232
720,7.2090112640801,54591607.2886645,403488.8060779359,404.0558727641079
721,7.219023779724656,54596153.70665178,403480.41606686835,404.0473519711874
722,7.2290362953692116,54600668.16398245,403472.09608946834,404.03890235909745
723,7.239048811013768,54605150.874818966,403463.84555892285,404.03052333091705
724,7.249061326658323,54609602.05200568,403455.6638931199,404.022214294511
725,7.259073842302879,54614021.907077104,403447.5505145917,404.01397466247187
726,7.269086357947434,54618410.65026616,403439.5048504583,404.0058038520625
727,7.27909887359199,54622768.49051245,403431.5263323708,403.99770128515826
728,7.289111389236546,54627095.63547047,403423.6143964549,403.98966638818916
729,7.299123904881101,54631392.29151788,403415.76848325395,403.98169859208224
730,7.3091364205256575,54635658.66376379,403407.98803767253,403.9737973322041
731,7.319148936170213,54639894.956056945,403400.27250892,403.9659620483027
732,7.329161451814769,54644101.36407225,403392.621466907,403.95819230322644
733,7.339173967459324,54648278.093329586,403385.0342991751,403.95048747380815
734,7.34918648310388,54652425.34443911,403377.5104592151,403.9428470041366
735,7.359198998748436,54656543.316017225,403370.0494174909,403.93527035560345
736,7.369211514392991,54660632.20544332,403362.6506487893,403.927756994001
737,7.379224030037547,54664692.208867535,403355.31363217224,403.92030638947347
738,7.3892365456821025,54668723.521218486,403348.0378509287,403.9129180164677
739,7.399249061326659,54672726.33621101,403340.82279252657,403.90559135368426
740,7.409261576971214,54676700.84635393,403333.6679485646,403.8983258840287
741,7.41927409261577,54680647.24295777,403326.5728147244,403.89112109456227
742,7.429286608260326,54684565.71614251,403319.5368907223,403.8839764764532
743,7.439299123904881,54688456.45484533,403312.55968026136,403.87689152492743
744,7.449311639549437,54692319.64682834,403305.6406909833,403.86986573922
745,7.459324155193992,54696155.47868633,403298.77943442034,403.8628986225258
746,7.4693366708385485,54699964.13585454,403291.9754259474,403.8559896819505
747,7.479349186483104,54703745.80261634,403285.2281847337,403.849138428462
748,7.48936170212766,54707500.656663485,403278.5373066958,403.8423444513012
749,7.499374217772216,54711228.881772324,403271.9022946829,403.8356072447728
750,7.509386733416771,54714930.66032358,403265.32265877264,403.82892631054665
751,7.519399249061327,54718606.17180638,403258.7979363745,403.8223011781623
752,7.529411764705882,54722255.594579265,403252.32766868564,403.8157313810147
753,7.539424280350438,54725879.105877474,403245.9114006495,403.80921645631184
754,7.5494367959949935,54729476.8818202,403239.5486809145,403.80275594503274
755,7.55944931163955,54733049.097417824,403233.2390617927,403.79634939188514
756,7.569461827284106,54736595.926579155,403226.9820992181,403.7899963452633
757,7.579474342928661,54740117.54211867,403220.77735270566,403.78369635720617
758,7.589486858573217,54743614.11576378,403214.6243853095,403.77744898335453
759,7.599499374217772,54747085.81816206,403208.5227635819,403.7712537829095
760,7.609511889862328,54750532.8188885,403202.4720575316,403.7651103185901
761,7.619524405506883,54753955.28645275,403196.47184058244,403.7590181565908
762,7.629536921151439,54757353.38830635,403190.5216895322,403.7529768665397
763,7.6395494367959955,54760727.29085,403184.621184511,403.74698602145634
764,7.649561952440551,54764077.15550662,403178.7699514079,403.7410452410053
765,7.659574468085107,54767403.14619103,403172.96758127544,403.73515410932936
766,7.669586983729662,54770705.42853492,403167.21363873204,403.7293121836161
767,7.679599499374218,54773984.16456203,403161.50771947874,403.7235190527356
768,7.689612015018774,54777239.515265204,403155.84942251816,403.71777430891797
769,7.699624530663329,54780471.640613094,403150.2383501178,403.71207754771615
770,7.709637046307885,54783680.69955698,403144.6741077743,403.70642836796895
771,7.719649561952441,54786866.85003754,403139.15630417626,403.7008263717641
772,7.729662077596997,54790030.24899163,403133.68455116876,403.69527116440094
773,7.739674593241552,54793171.05235907,403128.2584637164,403.6897623543538
774,7.749687108886108,54796289.41508938,403122.8776598673,403.6842995532344
775,7.759699624530664,54799385.491148636,403117.54176071635,403.6788823757555
776,7.769712140175219,54802459.43352616,403112.25039036945,403.6735104396933
777,7.779724655819775,54805511.394241355,403107.00317590655,403.6681833658506
778,7.78973717146433,54808541.524350464,403101.7997473458,403.66290077802
779,7.7997496871088865,54811549.97395335,403096.6397376068,403.65766230294633
780,7.809762202753442,54814536.88947027,403091.5228091108,403.6524675974601
781,7.819774718397998,54817502.41676539,403086.44862333447,403.64731631742137
782,7.829787234042554,54820446.70626406,403081.4167909117,403.64220806682107
783,7.839799749687109,54823369.90407033,403076.4269583282,403.63714248621363
784,7.849812265331665,54826272.15534986,403071.47877494444,403.63211921907873
785,7.85982478097622,54829153.604336254,403066.5718929641,403.6271379117892
786,7.869837296620776,54832014.3943374,403061.7059674016,403.622198213578
787,7.8798498122653315,54834854.66774177,403056.8806560507,403.61729977650623
788,7.889862327909888,54837674.566024765,403052.0956194523,403.61244225543044
789,7.899874843554444,54840474.22975499,403047.3505208628,403.6076253079701
790,7.909887359198999,54843253.79860064,403042.645026222,403.60284859447523
791,7.919899874843555,54846013.41133575,403037.97880412126,403.5981117779938
792,7.92991239048811,54848753.20584657,403033.35152577184,403.5934145242393
793,7.939924906132666,54851473.31913786,403028.76286497264,403.5887565015582
794,7.949937421777221,54854173.88733921,403024.21249807865,403.5841373808977
795,7.9599499374217775,54856855.04571138,403019.7001039687,403.57955683577285
796,7.9699624530663336,54859516.926439136,403015.22538447817,403.5750145630875
797,7.979974968710889,54862159.6576364,403010.78807362274,403.57051029253364
798,7.989987484355445,54864783.37749877,403006.3878067812,403.56604365328764
799,8.0,54867388.21764273,403002.02427475573,403.5616143309986
