,time,virusb,bacteriab,grazerb
0,0.0,100000.0,100000.0,100000.0
1,0.010012515644555695,590541.3935604064,96116.73016864774,1037.8449133271406
2,0.02002503128911139,1083542.7453363447,96085.37333066898,546.5158591513062
3,0.030037546933667086,1575587.7851170725,96326.79308445765,382.2250358548194
4,0.04005006257822278,2066512.7448384494,96680.7815125414,300.3334765819814
5,0.05006257822277847,2556258.30709726,97097.21364560538,251.51441423243554
6,0.06007509386733417,3044791.3702630494,97553.82480966204,219.26814752515654
7,0.07008760951188986,3532088.501520407,98038.77160111864,196.5086713967076
8,0.08010012515644556,4018130.622404553,98545.00251793029,179.6878400581609
9,0.09011264080100126,4502900.875067973,99067.97905935936,166.83222798025804
10,0.10012515644555695,4986383.635020686,99604.6077315737,156.7566273820943
11,0.11013767209011265,5468564.008050609,100152.6848216939,148.70612778137348
12,0.12015018773466835,5949427.555769925,100710.58437224009,142.17699474380208
13,0.13016270337922403,6428960.138859513,101277.07183224778,136.82014694998122
14,0.14017521902377972,6907147.825129256,101851.18719143854,132.38596895964932
15,0.15018773466833543,7383976.835064189,102432.16867719345,128.69118199964166
16,0.16020025031289112,7859433.510075475,103019.40122864439,125.59813074129235
17,0.1702127659574468,8333504.294946147,103612.3806864029,123.00137473338893
18,0.18022528160200252,8806175.72949096,104210.68828537267,120.81874811014998
19,0.1902377972465582,9277434.446121763,104813.97208835876,118.98524119793186
20,0.2002503128911139,9747267.171326276,105421.933213556,117.44871704334352
21,0.2102628285356696,10215660.72975553,106034.31544621073,116.16685208005251
22,0.2202753441802253,10682602.0498705,106650.89728190743,115.10491080336071
23,0.23028785982478098,11148078.170675986,107271.4857508657,114.23410108871408
24,0.2403003754693367,11612076.248994475,107895.91156564016,113.53034129907257
25,0.2503128911138924,12074583.566878272,108524.02526428731,112.97332329992265
26,0.26032540675844806,12535587.539023884,109155.69411401502,112.54579195243156
27,0.27033792240300375,12995075.719918564,109790.7996010417,112.23298488739655
28,0.28035043804755944,13453035.810645264,110429.23537775391,112.02219238500464
29,0.2903629536921152,13909455.665201735,111070.90557118795,111.90240893037475
30,0.30037546933667086,14364323.296222433,111715.72337502644,111.86405369981185
31,0.31038798498122655,14817626.880168537,112363.60987281302,111.8987457456627
32,0.32040050062578224,15269354.7618973,113014.49304586642,111.99912123061809
33,0.3304130162703379,15719495.4585178,113668.30693114211,112.1586837824303
34,0.3404255319148936,16168037.662583789,114324.9909022816,112.3716811861252
35,0.3504380475594493,16614970.244726473,114984.48905281676,112.6330031646914
36,0.36045056320400504,17060282.255495753,115646.7496625134,112.938095972003
37,0.3704630788485607,17503962.926710688,116311.72473487124,113.28289076583751
38,0.3804755944931164,17946001.6721508,116979.36959304415,113.66374306928205
39,0.3904881101376721,18386388.0877009,117649.64252570822,114.07738140177484
40,0.4005006257822278,18825111.95096226,118322.5044751979,114.52086345976105
41,0.41051314142678347,19262163.220361777,118997.91876126126,114.99153843453038
42,0.4205256570713392,19697532.03382959,119675.8508355181,115.48701444310555
43,0.4305381727158949,20131208.707086418,120356.26806336522,116.00513053049367
44,0.4405506883604506,20563183.73159248,121039.13952816543,116.54393207745294
45,0.45056320400500627,20993447.77210699,121724.43585603528,117.10164949595026
46,0.46057571964956195,21421991.66401722,122412.12905743676,117.67667931990401
47,0.47058823529411764,21848806.41041915,123102.1923845875,118.26756763256212
48,0.4806007509386734,22273883.17903777,123794.60020265401,118.87299541717364
49,0.49061326658322907,22697213.298970103,124489.32787253577,119.49176546801536
50,0.5006257822277848,23118788.25732111,125186.35164473274,120.12279079149526
51,0.5106382978723404,23538599.69576274,125885.64856251987,120.76508417961078
52,0.5206508135168961,23956639.40706776,126587.19637346586,121.41774880548886
53,0.5306633291614519,24372899.33161782,127290.9734502964,122.07997005495831
54,0.5406758448060075,24787371.553928293,127996.95871626477,122.7510077468955
55,0.5506883604505632,25200048.29917209,128705.13157943163,123.43018953029764
56,0.5607008760951189,25610921.929803256,129415.47186970068,124.11690444939008
57,0.5707133917396746,26019984.942188155,130127.95978408566,124.8105975455413
58,0.5807259073842304,26427229.963528726,130842.57583429267,125.5107645936877
59,0.590738423028786,26832649.74869576,131559.30080131322,126.21694769514137
60,0.6007509386733417,27236237.177310098,132278.11569092958,126.92873086033707
61,0.6107634543178974,27637985.25087618,132999.00169586512,127.64573636405697
62,0.6207759699624531,28037887.090104453,133721.94015872476,128.36762110524802
63,0.6307884856070087,28435935.93238835,134446.912539847,129.09407350489067
64,0.6408010012515645,28832125.129430443,135173.90038758022,129.8248106239176
65,0.6508135168961202,29226448.14499891,135902.88531072362,130.5595754908412
66,0.6608260325406758,29618898.552882716,136633.84895306278,131.298134614255
67,0.6708385481852316,30009470.034974717,137366.77297163688,132.0402758897783
68,0.6808510638297872,30398156.37955263,138101.63901541373,132.7858065049585
69,0.690863579474343,30784951.479681503,138838.42870734126,133.53455119072
70,0.7008760951188986,31169849.331802204,139577.12362655823,134.28635045782312
71,0.7108886107634543,31552844.034432497,140317.7052939348,135.04105916988684
72,0.7209011264080101,31933929.786988482,141060.15515712617,135.7985450435156
73,0.7309136420525657,32313100.88882517,141804.45457912478,136.55868749177935
74,0.7409261576971214,32690351.7383734,142550.5848261992,137.32137638997278
75,0.7509386733416771,33065676.832407102,143298.52705862172,138.08651111088014
76,0.7609511889862328,33439070.765389025,144048.26232078753,138.8539994880503
77,0.7709637046307886,33810528.22901189,144799.77153391234,139.62375702324718
78,0.7809762202753442,34180044.01177488,145553.0354882647,140.39570603966848
79,0.7909887359198999,34547612.998763345,146308.0348382502,141.1697751055639
80,0.8010012515644556,34913230.17141721,147064.75009553775,141.94589825204594
81,0.8110137672090113,35276890.60725791,147823.16162350535,142.72401433805788
82,0.8210262828535669,35638589.48004872,148583.24963444466,143.50406664355833
83,0.8310387984981227,35998322.06006171,149344.99418724133,144.28600249712568
84,0.8410513141426784,36356083.71359758,150108.37517991578,145.06977246838576
85,0.851063829787234,36711869.90405865,150873.3723535435,145.85533053358662
86,0.8610763454317898,37065676.19146712,151639.96528458453,146.6426332482323
87,0.8710888610763454,37417498.233084016,152408.13338586263,147.43163965070644
88,0.8811013767209012,37767331.78376634,153177.85590534448,148.22231098352424
89,0.8911138923654568,38115172.6960825,153949.11192280307,149.01461023715436
90,0.9011264080100125,38461016.92132398,154721.88035350858,149.80850227616853
91,0.9111389236545683,38804860.50940274,155496.13994353643,150.6039532717397
92,0.9211514392991239,39146699.60978863,156271.8692730266,151.40093078290755
93,0.9311639549436797,39486530.47188774,157049.0467550549,152.19940348425015
94,0.9411764705882353,39824349.44552045,157827.6506355142,152.99934096953538
95,0.951188986232791,40160152.98173599,158607.6589959109,153.80071378373478
96,0.9612015018773468,40493937.63313041,159389.0497515104,154.60349309765107
97,0.9712140175219024,40825700.05471906,160171.80065494397,155.4076507945068
98,0.9812265331664581,41155437.004418485,160955.88929588313,156.21315926292644
99,0.9912390488110138,41483145.34369809,161741.29310273533,157.0199913354705
100,1.0012515644555695,41808822.03830048,162527.98934509713,157.82812028253085
101,1.0112640801001251,42132464.15877205,163315.95513380645,158.63751963538076
102,1.0212765957446808,42454068.88119296,164105.1674244531,159.44816324456656
103,1.0312891113892366,42773633.48816224,164895.6030190834,160.26002511333246
104,1.0413016270337923,43091155.36754543,165687.23856323975,161.07307954357785
105,1.0513141426783479,43406632.0168591,166480.0505592747,161.8873008168544
106,1.0613266583229037,43720061.040331654,167274.01535736592,162.7026633972646
107,1.0713391739674594,44031440.151317924,168069.10916449715,163.51914183202823
108,1.081351689612015,44340767.17211982,168865.30804198288,164.3367106764179
109,1.0913642052565709,44648040.03487107,169662.58791007655,165.15534451050405
110,1.1013767209011265,44953256.78350861,170460.92455749522,165.97501794190651
111,1.1113892365456821,45256415.57094405,171260.2936278624,166.79570560691144
112,1.1214017521902377,45557514.661926195,172060.67063275154,167.61738210722746
113,1.1314142678347936,45856552.43597226,172862.0309647947,168.44002192255292
114,1.1414267834793492,46153527.38232986,173664.3498751935,169.26359956466888
115,1.1514392991239049,46448438.10420729,174467.60249410386,170.0880894731167
116,1.1614518147684607,46741283.320588686,175271.76383976854,170.91346597686015
117,1.1714643304130163,47032061.53202528,176076.80913453907,171.73970357439103
118,1.181476846057572,47320772.61424599,176882.712200771,172.56677596605834
119,1.1914893617021276,47607414.8177755,177689.44854052234,173.3946577668118
120,1.2015018773466835,47891987.477201976,178496.9925351959,174.22332298176713
121,1.211514392991239,48174489.96601301,179305.31855159596,175.05274556015164
122,1.2215269086357947,48454921.676710844,180114.40094939078,175.88289942387365
123,1.2315394242803506,48733282.125451095,180924.21397835572,176.71375841855084
124,1.2415519399249062,49009570.981948905,181734.7317596029,177.54529628259237
125,1.2515644555694618,49283787.94918948,182545.92839065928,178.3774867326278
126,1.2615769712140175,49555932.97527512,183357.77777288025,179.2103033172632
127,1.2715894868585733,49826006.00296017,184170.25381806627,180.04371958988952
128,1.281602002503129,50094007.1586942,184983.3303028558,180.8777089801286
129,1.2916145181476846,50359936.65998672,185796.98094185954,181.71224485969688
130,1.3016270337922404,50623794.89434869,186611.17935630793,182.54730050746008
131,1.311639549436796,50885582.307286836,187425.89911700104,183.38284915797138
132,1.3216520650813517,51145299.47113716,188241.11370235408,184.21886396105617
133,1.3316645807259073,51402947.11182706,189056.79648208557,185.05531796609884
134,1.3416770963704632,51658526.062964655,189872.9207952519,185.89218418794195
135,1.3516896120150188,51912037.223416485,190689.46002235223,186.7294356677778
136,1.3617021276595744,52163481.68409218,191506.3873698329,187.56704529116524
137,1.3717146433041303,52412860.675643764,192323.67595898273,188.40498586310062
138,1.381727158948686,52660175.565707915,193141.29883055482,189.24323011184126
139,1.3917396745932415,52905427.757428475,193959.2291105762,190.08175082082417
140,1.4017521902377972,53148618.7543009,194777.43990439508,190.92052074436972
141,1.411764705882353,53389750.2225684,195595.90419472818,191.75951252656776
142,1.4217772215269087,53628823.94805275,196414.59491219727,192.5986987573966
143,1.4317897371714643,53865841.836129025,197233.48494698835,193.4380519850526
144,1.4418022528160201,54100805.91149812,198052.54725357328,194.27754482669266
145,1.4518147684605758,54333718.31847509,198871.75471796354,195.11714982805583
146,1.4618272841051314,54564581.32095713,199691.08017242633,195.95683947902555
147,1.471839799749687,54793397.30238397,200510.49641375476,196.79658623295038
148,1.481852315394243,55020168.765484974,201329.97621006166,197.63636251432484
149,1.4918648310387985,55244898.32428984,202149.4925154542,198.47614096150082
150,1.5018773466833542,55467588.71957658,202969.0180549446,199.31589395738735
151,1.51188986232791,55688242.808185026,203788.52561159697,200.155593954099
152,1.5219023779724656,55906863.56613391,204607.9879427552,200.99521337823893
153,1.5319148936170213,56123454.081296176,205427.37787835166,201.8347247158309
154,1.5419274092615771,56338017.55637441,206246.66828354323,202.67410048140914
155,1.5519399249061328,56550557.31651479,207065.83196024818,203.51331313493898
156,1.5619524405506884,56761076.804105,207884.84171749657,204.35233514287734
157,1.571964956195244,56969579.57853771,208703.6703763728,205.1911389833852
158,1.5819774718397999,57176069.31597419,209522.29077495853,206.02969715154052
159,1.5919899874843555,57380549.80910776,210340.67577327535,206.86798216455088
160,1.6020025031289111,57583024.966143966,211158.79826007067,207.70596656618906
161,1.612015018773467,57783498.793731265,211976.63119736253,208.54362291530506
162,1.6220275344180226,57981975.41579193,212794.14758052307,209.3809238099565
163,1.6320400500625782,58178459.074592374,213611.3204401471,210.21784189391798
164,1.6420525657071339,58372954.12519717,214428.12285948612,211.05434985662592
165,1.6520650813516897,58565465.03504886,215244.52797982347,211.89042043820905
166,1.6620775969962454,58755996.383547746,216060.5090058493,212.72602643451884
167,1.672090112640801,58944552.86163176,216876.0392110355,213.56114070216006
168,1.6821026282853568,59131139.27075908,217691.091930353,214.39573619944875
169,1.6921151439299125,59315760.51526346,218505.64041281422,215.22978642161837
170,1.702127659574468,59498421.60666665,219319.65796143396,216.06326463015085
171,1.7121401752190237,59679127.670448646,220133.11811916772,216.89614310697587
172,1.7221526908635796,59857883.93675669,220945.99440276696,217.72839526838487
173,1.7321652065081352,60034695.742792495,221758.26042144347,218.55999452628134
174,1.7421777221526908,60209568.53120582,222569.8898678498,219.39091420737572
175,1.7521902377972467,60382507.84875573,223380.856511095,220.22112757472513
176,1.7622027534418023,60553519.346767545,224191.13420688594,221.05060820033
177,1.772215269086358,60722608.77944965,225000.69689825113,221.87932970039634
178,1.7822277847309136,60889782.003407516,225809.51861919285,222.707265815898
179,1.7922403003754694,61055044.97619202,226617.57349699465,223.53439027503583
180,1.802252816020025,61218403.75601325,227424.83575641993,224.3606769432234
181,1.8122653316645807,61379864.50073319,228231.27972313072,225.18609981601568
182,1.8222778473091366,61539433.466577776,229036.87982747518,226.01063299356832
183,1.8322903629536922,61697117.00651473,229841.6106041927,226.83425068134633
184,1.8423028785982478,61852921.5756814,230645.44670566337,227.6569271895937
185,1.8523153942428034,62006853.72916556,231448.36290311662,228.4786369550798
186,1.8623279098873593,62158920.09316341,232250.3340543956,229.2993545036926
187,1.872340425531915,62309127.41336353,233051.3351696203,230.11905451789104
188,1.8823529411764706,62457482.50816495,233851.34135631812,230.93771177782378
189,1.8923654568210264,62603992.301121905,234650.3278634774,231.75530120647667
190,1.902377972465582,62748663.79317907,235448.27005145515,232.57179784035358
191,1.9123904881101377,62891504.09891089,236245.14345683824,233.387176895486
192,1.9224030037546935,63032520.428992346,237040.92378015138,234.2014137552183
193,1.9324155193992492,63171720.02193971,237835.58674376042,235.0144838247047
194,1.9424280350438048,63309110.218869746,238629.10821748027,235.82636265906694
195,1.9524405506883604,63444698.46589346,239421.46422259667,236.63702596749766
196,1.9624530663329163,63578492.31372573,240212.6309320993,237.44644961349005
197,1.972465581977472,63710499.34530001,241002.58471391586,238.25460965737307
198,1.9824780976220275,63840727.22371046,241791.30210227735,239.06148232813973
199,1.9924906132665834,63969183.74474211,242578.75976634317,239.86704399257874
200,2.002503128911139,64095876.79957202,243364.9345324786,240.6712711771922
201,2.0125156445556946,64220814.374769315,244149.80338425498,241.47414056819582
202,2.0225281602002503,64344004.54011757,244933.3434628382,242.27562901211334
203,2.032540675844806,64465455.29581331,245715.53207186356,243.07571352323728
204,2.0425531914893615,64585174.76637827,246496.34667124928,243.87437127416104
205,2.0525657071339176,64703171.18998296,247275.76487753715,244.6715795963001
206,2.0625782227784732,64819452.88305627,248053.7644650215,245.46731598161992
207,2.072590738423029,64934028.24028547,248830.3233657494,246.2615580826362
208,2.0826032540675845,65046905.718677744,249605.41970117544,247.05428374572708
209,2.09261576971214,65158093.78795161,250379.03188068778,247.84547111481785
210,2.1026282853566958,65267601.02454293,251151.13841490567,248.6350984349032
211,2.1126408010012514,65375436.08151485,251921.71797544055,249.42314411493675
212,2.1226533166458075,65481607.68322561,252690.74940548607,250.20958673897616
213,2.132665832290363,65586124.62532847,253458.21171981812,250.99440506618265
214,2.1426783479349187,65688995.76776419,254224.08411660444,251.7775780423232
215,2.1526908635794744,65790229.88691082,254988.34622656944,252.55908504243848
216,2.16270337922403,65889836.000800505,255750.97756492178,253.33890533706065
217,2.1727158948685856,65987823.1233516,256511.9579455354,254.11701849559515
218,2.1827284105131417,66084200.33609661,257271.26736006973,254.8934042685928
219,2.1927409261576973,66178976.785982355,258028.88598141272,255.66804259112436
220,2.202753441802253,66272161.61934411,258784.79425636772,256.4409136745515
221,2.2127659574468086,66363764.03872028,259538.97282658034,257.2119979281688
222,2.2227784730913642,66453793.33013591,260291.40249075706,257.9812759217454
223,2.23279098873592,66542258.83179771,261042.06424880415,258.74872842920905
224,2.2428035043804755,66629169.93220113,261790.93930484136,259.5143364315953
225,2.2528160200250316,66714536.06823749,262538.0090702161,260.27808111999764
226,2.262828535669587,66798366.72330106,263283.2551665171,261.03994389851636
227,2.272841051314143,66880671.42539617,264026.6594285884,261.7999063872087
228,2.2828535669586985,66961459.7399895,264768.20389545197,262.5579504147281
229,2.292866082603254,67040741.26160062,265507.8707983265,263.3140580084886
230,2.3028785982478097,67118525.63099559,266245.6426075601,264.0682114350615
231,2.3128911138923653,67194822.52485467,266981.502016225,264.8203931865678
232,2.3229036295369214,67269641.65326396,267715.43194171536,265.5705859824191
233,2.332916145181477,67342992.757709,268447.41552849964,266.3187727720454
234,2.3429286608260327,67414885.60906848,269177.4361508739,267.06493673762174
235,2.3529411764705883,67485330.0056079,269905.47741571465,267.8090612967952
236,2.362953692115144,67554335.77370799,270631.52315916395,268.5511301082746
237,2.3729662077596996,67621912.81651998,271355.5573369814,269.2911271275904
238,2.382978723404255,67688071.11213619,272077.56402668095,270.0290366029438
239,2.3929912390488113,67752820.61966382,272797.52762676525,270.7648427454202
240,2.403003754693367,67816171.27278627,273515.432867534,271.4985296723136
241,2.4130162703379225,67878133.05493426,274231.2646518126,272.2300819044537
242,2.423028785982478,67938716.00108148,274945.0080507381,272.95948448284753
243,2.433041301627034,67997930.15785521,275656.6483847717,273.6867227076356
244,2.4430538172715894,68055785.5870935,276366.1712146988,274.4117822079657
245,2.453066332916145,68112292.373994,277073.56231897214,275.13464879061905
246,2.463078848560701,68167460.62161095,277778.8076968274,275.85530804247594
247,2.4730913642052568,68221300.45066205,278481.8935736486,276.5737457811287
248,2.4831038798498124,68273821.99938305,279182.8064048692,277.2899484258885
249,2.493116395494368,68325035.42104687,279881.5328732118,278.00390266853583
250,2.5031289111389237,68374950.88314672,280578.0598891036,278.7155955227527
251,2.5131414267834793,68423578.56473276,281272.3745861598,279.4250138415229
252,2.523153942428035,68470928.65646982,281964.464326471,280.1321448194041
253,2.533166458072591,68517011.3589991,282654.31669056235,280.83697598665697
254,2.5431789737171466,68561836.88317145,283341.9195268544,281.53949509600506
255,2.5531914893617023,68605415.44595008,284027.2608890439,282.23969009485694
256,2.563204005006258,68647757.27087228,284710.3290413313,282.93754915159883
257,2.5732165206508135,68688872.58601752,285391.11246912106,283.6330606623267
258,2.583229036295369,68728771.62450975,286069.5999137072,284.32621330051745
259,2.593241551939925,68767464.62063344,286745.78029505507,285.01699590891616
260,2.603254067584481,68804961.8124141,287419.6429701929,285.7053977701969
261,2.6132665832290365,68841273.4357414,288091.17690173653,286.3914077690172
262,2.623279098873592,68876409.72815682,288760.3721535501,287.07501590488437
263,2.6332916145181477,68910380.92160255,289427.21840466216,287.7562117917094
264,2.6433041301627034,68943197.24462008,290091.7057768962,288.4349854948984
265,2.653316645807259,68974868.92719603,290753.8245553866,289.11132724423163
266,2.6633291614518146,69005406.19813798,291413.56532754557,289.785227576673
267,2.6733416770963707,69034819.26783241,292070.91882028716,290.4566771733814
268,2.6833541927409263,69063118.33729564,292725.8759854742,291.12566694526936
269,2.693366708385482,69090313.60879982,293378.42810023297,291.7921881334485
270,2.7033792240300376,69116415.27873623,294028.5666997982,292.45623224187784
271,2.7133917396745932,69141433.51805727,294676.2834001061,293.1177908561323
272,2.723404255319149,69165378.48719357,295321.5700331058,293.77685578163073
273,2.7334167709637045,69188260.34236018,295964.41870396066,294.43341910207096
274,2.7434292866082606,69210089.22890027,296604.8217405114,295.0874731276507
275,2.753441802252816,69230875.26214567,297242.7716821048,295.73901038114707
276,2.763454317897372,69250628.54564331,297878.26129023207,296.3880236111732
277,2.7734668335419275,69269359.17314614,298511.2835496904,297.03450579362624
278,2.783479349186483,69287077.22703288,299141.83166808845,297.6784501303618
279,2.7934918648310387,69303792.73846425,299769.89904567925,298.31985002306243
280,2.8035043804755944,69319515.7483111,300395.47932149086,298.95869911319755
281,2.8135168961201504,69334256.26960027,301018.56634489266,299.5949912573934
282,2.823529411764706,69348024.29342267,301639.15417857765,300.2287205290661
283,2.8335419274092617,69360829.76046242,302257.23706973525,300.85988118881943
284,2.8435544430538173,69372682.60901716,302872.80949939997,301.48846773546734
285,2.853566958698373,69383592.75963962,303485.86616702576,302.11447489025255
286,2.8635794743429286,69393570.10939819,304096.4019848905,302.73789759120405
287,2.873591989987484,69402624.53067192,304704.4120771359,303.35873099227393
288,2.8836045056320403,69410765.86994593,305309.8917788063,303.97697046247475
289,2.893617021276596,69418003.94660626,305912.83663488866,304.5926115850162
290,2.9036295369211516,69424348.55173528,306513.24239935173,305.2056501564425
291,2.913642052565707,69429809.4469067,307111.1050341853,305.8160821857696
292,2.923654568210263,69434396.35279743,307706.42067385354,306.4239038582613
293,2.9336670838548184,69438118.94830953,308299.1856254444,307.0291115357021
294,2.943679599499374,69440986.88866489,308889.3964332571,307.6317018225485
295,2.95369211514393,69443009.79322705,309477.0498405718,308.2316715269629
296,2.963704630788486,69444197.24410911,310062.14278805355,308.8290176593005
297,2.9737171464330414,69444558.78486978,310644.6724124549,309.4237374309024
298,2.983729662077597,69444103.91920924,311224.63604531816,310.0158282528878
299,2.9937421777221527,69442842.10966522,311802.0312116779,310.6052877349467
300,3.0037546933667083,69440782.77630873,312376.8556287635,311.1921136841325
301,3.0137672090112644,69437935.29751746,312949.10720483423,311.7763041004091
302,3.02377972465582,69434309.05671112,313518.78404094867,312.3578571003889
303,3.0337922403003756,69429913.43828768,314085.8844294913,312.9367709204371
304,3.0438047559449313,69424757.77692032,314650.4068487866,313.5130440262591
305,3.053817271589487,69418851.2919078,315212.3499561412,314.08667526805016
306,3.0638297872340425,69412203.1592817,315771.7125924073,314.65766371829386
307,3.073842302878598,69404822.55580749,316328.4937840481,315.2260085476322
308,3.0838548185231542,69396718.61793242,316882.69273839484,315.79170912957244
309,3.09386733416771,69387900.43090847,317434.3088399111,316.35476493395583
310,3.1038798498122655,69378377.03064209,317983.3416482324,316.9151754570178
311,3.113892365456821,69368157.41261825,318529.7908988828,317.4729403424319
312,3.1239048811013768,69357250.5288251,319073.6565043451,318.0280596939376
313,3.1339173967459324,69345665.28630197,319614.9385496547,318.5805338321177
314,3.143929912390488,69333410.54744314,320153.6372925356,319.13036321972305
315,3.153942428035044,69320495.1278793,320689.7531573458,319.677548530435
316,3.1639549436795997,69306927.7973375,321223.2867371101,320.2220905095845
317,3.1739674593241554,69292717.27773085,321754.23878614086,320.7639896526253
318,3.183979974968711,69277872.24465455,322282.61022739025,321.3032470465856
319,3.1939924906132666,69262401.32634717,322808.4021479448,321.8398640630354
320,3.2040050062578223,69246313.10262805,323331.6157945834,322.3738421136126
321,3.214017521902378,69229616.10927062,323852.2525568031,322.90518264843536
322,3.224030037546934,69212318.81413318,324370.3140437839,323.43388738907805
323,3.2340425531914896,69194429.66066925,324885.80194088095,323.95995818389235
324,3.244055068836045,69175957.02724925,325398.7181371892,324.483397084455
325,3.254067584480601,69156909.2476616,325909.06465622335,325.00420626008315
326,3.2640801001251565,69137294.61064038,326416.84365625813,325.52238799598064
327,3.274092615769712,69117121.33918206,326922.0574885649,326.03794479032854
328,3.2841051314142677,69096397.62636036,327424.70859073073,326.5508792312739
329,3.294117647058824,69075131.58943032,327924.7996160209,327.06119413111486
330,3.3041301627033794,69053331.29283969,328422.3333614716,327.5688924443232
331,3.314142678347935,69031004.74099717,328917.3127892215,328.0739772904243
332,3.3241551939924907,69008159.98221901,329409.7407400767,328.5764516674293
333,3.3341677096370463,68984804.8934088,329899.6205116241,329.07631903400056
334,3.344180225281602,68960947.32254295,330386.9554785366,329.5735829265391
335,3.3541927409261576,68936595.15566021,330871.74891177943,330.06824677727985
336,3.3642052565707137,68911756.0810855,331354.00458347285,330.56031452859867
337,3.3742177722152693,68886437.82145494,331833.72617876675,331.04979003434164
338,3.384230287859825,68860648.03711288,332310.9175292818,331.5366772975303
339,3.3942428035043806,68834394.3911559,332785.5824599941,332.02098031442017
340,3.404255319148936,68807684.3333269,333257.72531098407,332.5027036057836
341,3.414267834793492,68780525.41993749,333727.35014264105,332.98185140694494
342,3.4242803504380475,68752925.01256597,334194.46144868096,333.45842839341105
343,3.4342928660826035,68724890.52773769,334659.06361857214,333.9324391353559
344,3.444305381727159,68696429.31878468,335121.1611918974,334.4038883557401
345,3.454317897371715,68667548.6718965,335580.75886685686,334.8727809389395
346,3.4643304130162704,68638255.8061204,336037.8615002675,335.3391219307445
347,3.474342928660826,68608557.87336114,336492.47410756355,335.8029165383607
348,3.4843554443053817,68578461.97249466,336944.6017864635,336.26417005185823
349,3.4943679599499373,68547975.19664721,337394.24946126103,336.72288758103474
350,3.5043804755944934,68517104.53885952,337841.4223930394,337.17907458045096
351,3.514392991239049,68485856.92321399,338286.12601132045,337.6327366761894
352,3.5244055068836047,68454239.21102579,338728.3658805799,338.0838796313969
353,3.5344180225281603,68422258.20084289,339168.14770024765,338.53250934628477
354,3.544430538172716,68389920.62844606,339605.47730470716,338.97863185812844
355,3.5544430538172715,68357233.1751247,340040.36062692653,339.4222533036016
356,3.564455569461827,68324202.56272596,340472.80328075116,339.863379486175
357,3.5744680851063833,68290835.41964859,340902.81114981323,340.3020164860243
358,3.584480600750939,68257138.29523334,341330.3903242911,340.7381705945344
359,3.5944931163954945,68223117.6831676,341755.5469980542,341.171848207777
360,3.60450563204005,68188780.02148537,342178.28746866336,341.60305582651085
361,3.6145181476846058,68154131.69256723,342598.61813737045,342.03180005618157
362,3.6245306633291614,68119179.02311336,343016.545507356,342.4580876050226
363,3.634543178973717,68083928.28189301,343432.0760372011,342.88192512618645
364,3.644555694618273,68048385.68179081,343845.21627411956,343.303319361288
365,3.6545682102628287,68012557.38093422,344255.97292737046,343.7222772195003
366,3.6645807259073844,67976449.48161218,344664.3527978505,344.1388057016963
367,3.67459324155194,67940068.03027508,345070.36277809355,344.5529119004491
368,3.6846057571964956,67903419.01753484,345474.00985227094,344.96460300003196
369,3.6946182728410513,67866508.37816486,345875.3010961912,345.37388627641815
370,3.704630788485607,67829341.99351396,346274.24358305807,345.7807689990219
371,3.714643304130163,67791925.69163929,346670.8443782808,346.1852584252876
372,3.7246558197747186,67754265.2424405,347065.11072944134,346.5873619987539
373,3.7346683354192742,67716366.36025599,347457.049964936,346.98708724337547
374,3.74468085106383,67678234.70388876,347846.66949296225,347.38444176246634
375,3.7546933667083855,67639875.87660648,348233.9768015192,347.7794332387004
376,3.764705882352941,67601295.4261415,348618.97945840727,348.17206943411105
377,3.7747183979974968,67562498.84598483,349001.6850869495,348.5623581620867
378,3.784730913642053,67523491.58110279,349382.1012587338,348.95030716365244
379,3.7947434292866085,67484279.02195218,349760.2356200577,349.3359243999332
380,3.804755944931164,67444866.50108586,350136.0959832685,349.71921844363106
381,3.8147684605757197,67405259.29742792,350509.6901923421,350.1001975925913
382,3.8247809762202754,67365462.63564779,350881.0261244472,350.4788696643111
383,3.834793491864831,67325481.68667464,351250.1117211869,350.8552426171196
384,3.844806007509387,67285321.57551937,351616.95497116377,351.2293244134084
385,3.8548185231539427,67244987.34410284,351981.5639505459,351.60112352035327
386,3.8648310387984983,67204484.02457088,352343.9467440495,351.9706483849766
387,3.874843554443054,67163816.56630808,352704.11151440657,352.33790740195053
388,3.8848560700876096,67122989.87594393,353062.0664628026,352.70290893747926
389,3.894868585732165,67082008.81246056,353417.81983290566,353.0656613344738
390,3.904881101376721,67040878.16957188,353771.37992791325,353.4261731366258
391,3.914893617021277,66999602.70267387,354122.75508383673,353.7844529288935
392,3.9249061326658325,66958187.10714917,354471.953687671,354.14050935272786
393,3.934918648310388,66916636.02334333,354818.98417047027,354.49435105770135
394,3.944931163954944,66874954.0521434,355163.8549946172,354.8459867212416
395,3.9549436795994994,66833145.731824964,355506.57467137906,355.1954250759629
396,3.964956195244055,66791215.55090061,355847.15174896014,355.54267489910353
397,3.9749687108886107,66749167.956347525,356185.5948060373,355.8877450001648
398,3.9849812265331668,66707007.33478192,356521.91246408375,356.2306442284638
399,3.9949937421777224,66664738.009928286,356856.1133820205,356.57138147126784
400,4.005006257822278,66622364.274427526,357188.2062406032,356.909965637056
401,4.015018773466833,66579890.38612891,357518.19974739116,357.24640565979513
402,4.025031289111389,66537320.54432402,357846.10265112325,357.5807105134468
403,4.035043804755945,66494658.88974671,358171.9237417179,357.91288921196684
404,4.045056320400501,66451909.509591125,358495.6718402629,358.24295079995187
405,4.055068836045057,66409076.46693016,358817.35574032913,358.57090429779953
406,4.065081351689612,66366163.75507346,359136.9842990208,358.8967587867903
407,4.075093867334168,66323175.3077509,359454.5664166605,359.2205233901047
408,4.085106382978723,66280115.0036712,359770.11102769565,359.5422072643252
409,4.095118898623279,66236986.66652183,360083.6271006983,359.8618195994365
410,4.105131414267835,66193794.09218207,360395.12359792663,360.1793695839683
411,4.11514392991239,66150541.078239,360704.6094314634,360.4948663671884
412,4.1251564455569465,66107231.3353616,361012.09359491547,360.8083191726235
413,4.135168961201502,66063868.52459065,361317.58510800014,361.11973725029435
414,4.145181476846058,66020456.25913443,361621.09301387717,361.429129874416
415,4.155193992490613,65976998.104413986,361922.62637896923,361.7365063432545
416,4.165206508135169,65933497.589507066,362222.19424771273,362.041875942997
417,4.175219023779725,65889958.20007909,362519.8056705087,362.3452479700693
418,4.18523153942428,65846383.369370505,362815.46973935916,362.64663175959043
419,4.195244055068836,65802776.484349675,363109.19556353835,362.9460366659473
420,4.2052565707133915,65759140.88571291,363400.99226959277,363.2434720627942
421,4.215269086357948,65715481.385730416,363690.86860753095,363.53894695875493
422,4.225281602002503,65671797.36239771,363978.8346761411,363.832471650639
423,4.235294117647059,65628094.827435635,364264.89888640045,364.12405480347934
424,4.245306633291615,65584376.77761228,364549.07043388643,364.41370584903984
425,4.25531914893617,65540646.209695734,364831.3585141766,364.7014342190845
426,4.265331664580726,65496906.120454095,365111.77232284856,364.9872493453774
427,4.275344180225281,65453159.504974805,365390.321045025,365.2711605598415
428,4.2853566958698375,65409409.35171174,365667.01382456423,365.5531768003311
429,4.2953692115143935,65365658.64425254,365941.8598202994,365.8333071771919
430,4.305381727158949,65321910.27437535,366214.86820993637,366.1115613654434
431,4.315394242803505,65278167.13826389,366486.0481703053,366.38794901143416
432,4.32540675844806,65234432.06458947,366755.40887697,366.66247969753636
433,4.335419274092616,65190707.83899854,367022.9595062125,366.93516301762253
434,4.345431789737171,65146997.23635532,367288.7092310271,367.2060084172452
435,4.355444305381727,65103302.93893628,367552.6672184822,367.47502504089897
436,4.365456821026283,65059627.6571393,367814.84263725794,367.74222216081256
437,4.375469336670839,65015974.00644495,368075.24464859784,368.00760900335695
438,4.385481852315395,64972344.57865222,368333.8824121592,368.27119495202186
439,4.39549436795995,64928741.933154546,368590.765084902,368.5329895762416
440,4.405506883604506,64885168.58405983,368845.9018152644,368.79300227165237
441,4.415519399249061,64841627.01628947,369099.3017461648,369.05124238756497
442,4.425531914893617,64798119.670767896,369350.9740119215,369.3077192149551
443,4.435544430538173,64754648.95005107,369600.9277389769,369.5624420925183
444,4.4455569461827285,64711217.22551081,369849.1720466486,369.8154203630352
445,4.4555694618272845,64667826.82702058,370095.716044014,370.066663362871
446,4.46558197747184,64624480.046600126,370340.56882941735,370.3161804010196
447,4.475594493116396,64581179.14609183,370583.73949227494,370.5639807753482
448,4.485607008760951,64537926.34615662,370825.2371087637,370.81007377112644
449,4.495619524405507,64494723.82015047,371065.0707350292,371.05446865423863
450,4.505632040050063,64451573.72936378,371303.24942531873,371.2971746879089
451,4.515644555694618,64408478.20170884,371539.78222414904,371.5382011248152
452,4.525657071339174,64365439.32389736,371774.67816307035,371.7775572039386
453,4.53566958698373,64322459.14144047,372007.9462606669,372.01525215056313
454,4.545682102628286,64279539.66641792,372239.5955167916,372.25129517169034
455,4.555694618272841,64236682.896699645,372469.6348983033,372.48569544469416
456,4.565707133917397,64193890.77617463,372698.073368578,372.71846214079494
457,4.575719649561953,64151165.208606504,372924.91987722757,372.94960441688136
458,4.585732165206508,64108508.05945729,373150.1833587466,373.17913141443427
459,4.595744680851064,64065921.15588734,373373.8727325124,373.40705225952644
460,4.605757196495619,64023406.3136168,373595.99689301837,373.6333760549818
461,4.6157697121401755,63980965.34991001,373816.5647051531,373.85811187658487
462,4.625782227784731,63938600.01820957,374035.58502796665,374.08126879216184
463,4.635794743429287,63896312.03868571,374253.0667035632,374.3028558526627
464,4.645807259073843,63854103.09887455,374469.01855686895,374.52288209197525
465,4.655819774718398,63811974.85371139,374683.44939557626,374.74135652685464
466,4.665832290362954,63769928.93832211,374896.36798873724,374.9582881299763
467,4.675844806007509,63727966.96063638,375107.78307912534,375.17368584549746
468,4.685857321652065,63686090.4904099,375317.70340160717,375.3875586121836
469,4.6958698372966206,63644301.06649829,375526.1376709694,375.5999153480848
470,4.705882352941177,63602600.19685699,375733.0945819189,375.81076495053577
471,4.715894868585733,63560990.50215788,375938.5836964466,376.0201172984155
472,4.725907384230288,63519470.53204479,376142.6113792744,376.22797863996976
473,4.735919899874844,63478043.79109918,376345.1878524682,376.4343595866235
474,4.745932415519399,63436711.55907448,376546.3216193407,376.63926881231265
475,4.755944931163955,63395475.11572406,376746.0211832044,376.84271499097315
476,4.76595744680851,63354335.74080136,376944.29504737165,377.04470679654105
477,4.7759699624530665,63313294.714520946,377141.151711927,377.24525285496884
478,4.785982478097623,63272353.321344204,377336.59964722785,377.4443613503592
479,4.795994993742178,63231512.8350242,377530.6473182776,377.6420407067654
480,4.806007509386734,63190774.48712654,377723.30316776544,377.838300280292
481,4.816020025031289,63150139.49656075,377914.57561982627,378.03314904824094
482,4.826032540675845,63109609.94528759,378104.4795900082,378.2266021499107
483,4.8360450563204,63069184.35193948,378293.0042638432,378.4186489017239
484,4.846057571964956,63028866.41551317,378480.1765700171,378.60931605517266
485,4.856070087609512,62988656.70269835,378666.0009356924,378.7986082240183
486,4.866082603254068,62948555.944023855,378850.4830153393,378.986531253949
487,4.876095118898624,62908564.98262153,379033.6292740503,379.173091824913
488,4.886107634543179,62868685.76524083,379215.45516931626,379.35830572734005
489,4.896120150187735,62828918.05842162,379395.9590378232,379.5421712604744
490,4.90613266583229,62789263.21599658,379575.1521118173,379.72469989273185
491,4.916145181476846,62749722.436213784,379753.0441547733,379.9059015944797
492,4.926157697121402,62710296.91337632,379929.6448929232,380.0857862981004
493,4.9361702127659575,62670987.584234744,380104.9625446464,380.2643623962351
494,4.9461827284105135,62631795.08278698,380279.00355584314,380.44163647156046
495,4.956195244055069,62592720.31324494,380451.7759543937,380.61761672218984
496,4.966207759699625,62553764.18322401,380623.28778810427,380.7923113665837
497,4.97622027534418,62514927.51388788,380793.5469851664,380.9657285086441
498,4.986232790988736,62476211.049717404,380962.56136767333,381.13787615065985
499,4.996245306633292,62437615.612253696,381130.33886433905,381.3087623970331
500,5.006257822277847,62399142.02335319,381296.8874043136,381.47839535258396
501,5.016270337922403,62360790.946513474,381462.21467795176,381.64678288578665
502,5.026282853566959,62322563.23978082,381626.3286689756,381.8139331554736
503,5.036295369211515,62284459.48165364,381789.23693956656,381.9798539032602
504,5.04630788485607,62246480.442421466,381950.9473410966,382.144553156984
505,5.056320400500626,62208626.792704575,382111.4675586506,382.3080387778413
506,5.066332916145182,62170899.15438129,382270.8051981336,382.47031854792937
507,5.076345431789737,62133298.174473144,382428.96791264525,382.6314002972511
508,5.086357947434293,62095824.47260762,382585.96331261937,382.7912918134064
509,5.0963704630788484,62058478.64101815,382741.79896582355,382.9500008415918
510,5.1063829787234045,62021261.24454412,382896.4823973594,383.1075350846006
511,5.11639549436796,61984172.82063082,383050.0210896624,383.2639022028228
512,5.126408010012516,61947213.883328475,383202.42248511943,383.41910977998094
513,5.136420525657072,61910384.97022379,383353.6940167875,383.5731649210048
514,5.146433041301627,61873686.61589152,383503.8430930296,383.72607459305135
515,5.156445556946183,61837119.304299675,383652.87708158774,383.87784689216335
516,5.166458072590738,61800683.499634065,383800.80331838847,384.028490117292
517,5.176470588235294,61764379.657615975,383947.6291023605,384.17801186008285
518,5.18648310387985,61728208.21538725,384093.3616971032,384.3264195754962
519,5.196495619524406,61692169.5927879,384238.0083259365,384.4737200456884
520,5.206508135168962,61656264.19418011,384381.57618086,384.6199200879866
521,5.216520650813517,61620492.40610628,384524.07242124336,384.76502734793394
522,5.226533166458073,61584854.603391,384665.50418098026,384.9090493952027
523,5.236545682102628,61549351.14402424,384805.8785572317,385.0519938285451
524,5.246558197747184,61513982.3691784,384945.2026053007,385.19386752570836
525,5.256570713391739,61478748.605595045,385083.4833487711,385.33467749026903
526,5.2665832290362955,61443650.17328669,385220.72794311837,385.47443103737123
527,5.276595744680852,61408687.36192137,385356.9431926477,385.6131352115252
528,5.286608260325407,61373860.47663497,385492.1365613371,385.75079764163655
529,5.296620775969963,61339169.722625606,385626.31331212993,385.88742367763524
530,5.306633291614518,61304615.47648663,385759.4836457531,386.0230237330858
531,5.316645807259074,61270197.77793436,385891.6492626097,386.15759954405394
532,5.326658322903629,61235916.90315819,386022.81862517056,386.2911597532462
533,5.336670838548185,61201773.11565601,386152.99941074406,386.42371220193667
534,5.346683354192741,61167766.678925745,386282.1992966383,386.5552647313995
535,5.356695869837297,61133897.828122064,386410.42563199817,386.685824847319
536,5.366708385481853,61100166.631133735,386537.68382933177,386.8153980749156
537,5.376720901126408,61066573.24031247,386663.9802790754,386.943990939469
538,5.386733416770964,61033117.830065325,386789.3216270262,387.0716102273988
539,5.396745932415519,60999800.574783586,386913.7145189381,387.1982627250796
540,5.406758448060075,60966621.57454526,387037.1653960096,387.32395500653615
541,5.416770963704631,60933580.89621822,387159.6806080247,387.4486935508956
542,5.4267834793491865,60900678.65849092,387281.2666474092,387.57248498536194
543,5.4367959949937426,60867914.980051786,387401.9300065888,387.6953359371393
544,5.446808510638298,60835289.8424022,387521.67677104555,387.81725261452846
545,5.456821026282854,60802803.57329102,387640.51405334985,387.93824228310325
546,5.466833541927409,60770455.972160146,387758.4473989331,388.0583105952427
547,5.476846057571965,60738247.1344259,387875.4832311881,388.177464107089
548,5.486858573216521,60706177.14395674,387991.6279392453,388.2957093395151
549,5.496871088861076,60674246.022673845,388106.8877110739,388.4130526053001
550,5.506883604505632,60642453.7613113,388221.26863534463,388.529500114609
551,5.516896120150188,60610800.37115852,388334.7768727775,388.64505815242256
552,5.526908635794744,60579285.847995676,388447.4185367122,388.75973295486807
553,5.536921151439299,60547910.17209366,388559.1996931079,388.8735307092197
554,5.546933667083855,60516673.30821412,388670.12636054377,388.9864575538981
555,5.556946182728411,60485575.205609426,388780.2045102184,389.09851957847076
556,5.566958698372966,60454615.79802269,388889.4400659502,389.20972282365176
557,5.576971214017522,60423795.04767403,388997.8389932303,389.3200733604346
558,5.5869837296620775,60393112.92327786,389105.40725471714,389.42957725054475
559,5.5969962453066335,60362569.34690375,389212.15070265287,389.5382404508402
560,5.607008760951189,60332164.2287718,389318.0751493088,389.64606887590986
561,5.617021276595745,60301897.46725324,389423.1863669865,389.75306839807445
562,5.627033792240301,60271768.948870406,389527.49008801806,389.85924484738644
563,5.637046307884856,60241778.54829677,389630.9920047659,389.9646040116303
564,5.647058823529412,60211926.12835689,389733.69776962267,390.06915163632203
565,5.657071339173967,60182211.56388873,389835.61304831476,390.17289401220444
566,5.667083854818523,60152634.76424832,389936.7435701733,390.2758385293176
567,5.677096370463079,60123195.60983648,390037.0949792563,390.3779912947219
568,5.687108886107635,60093893.93007852,390136.6727781691,390.47935578231966
569,5.697121401752191,60064729.55968914,390235.48246855754,390.5799361645405
570,5.707133917396746,60035702.33888903,390333.52955406316,390.67973784504227
571,5.717146433041302,60006812.0965835,390430.8195003796,390.7787665962266
572,5.727158948685857,59978058.65698316,390527.3577574553,390.8770298394963
573,5.737171464330413,59949441.83644632,390623.14973719337,390.97453425283874
574,5.747183979974968,59920961.439665675,390718.20079111366,391.0712844036281
575,5.7571964956195245,59892617.26622129,390812.5162468584,391.167284897405
576,5.767209011264081,59864409.107925594,390906.1013933216,391.2625398843825
577,5.777221526908636,59836336.75320371,390998.96150830376,391.3570557282583
578,5.787234042553192,59808399.984019496,391091.10183671035,391.4508384360243
579,5.797246558197747,59780598.559463695,391182.52793734224,391.54389373896
580,5.807259073842303,59752932.28852752,391273.2440348961,391.63622564556334
581,5.817271589486858,59725400.84145826,391363.2572563302,391.72784128217467
582,5.827284105131414,59698004.05372331,391452.5709733895,391.8187441679986
583,5.8372966207759704,59670741.72653306,391541.18930121994,391.908938566867
584,5.847309136420526,59643613.39356173,391629.1214109684,391.9984338266189
585,5.857321652065082,59616619.08225421,391716.3665510237,392.087229181621
586,5.867334167709637,59589758.428117186,391802.9314066016,392.17533144486333
587,5.877346683354193,59563031.1239678,391888.8217903558,392.2627465398491
588,5.887359198998748,59536436.86365182,391974.0434992786,392.34948037411704
589,5.897371714643304,59509975.342497624,392058.60224904114,392.4355387724513
590,5.90738423028786,59483646.28763564,392142.5020109812,392.5209257845658
591,5.9173967459324155,59457449.419628434,392225.747116682,392.6056458267679
592,5.927409261576972,59431384.4495617,392308.342417531,392.6897038443286
593,5.937421777221527,59405451.088521115,392390.29276491544,392.7731047825188
594,5.947434292866083,59379649.03501833,392471.60293125693,392.85585350984877
595,5.957446808510638,59353977.94980607,392552.277451848,392.93795466432175
596,5.967459324155194,59328437.51933226,392632.32102334907,393.0194130408027
597,5.97747183979975,59303027.432633445,392711.73835867754,393.10023344995915
598,5.987484355444305,59277747.30411172,392790.5336532671,393.1804201931463
599,5.997496871088861,59252596.98898435,392868.7127722606,393.2599792150643
600,6.007509386733417,59227575.99137089,392946.2791464402,393.33891406449
601,6.017521902377973,59202683.99355098,393023.23744187364,393.4172295059813
602,6.027534418022529,59177920.67351837,393099.59229491197,393.4949302748486
603,6.037546933667084,59153285.70142142,393175.348284288,393.5720210488815
604,6.04755944931164,59128778.71878322,393250.50976822944,393.6485062832897
605,6.057571964956195,59104399.37315779,393325.0811561178,393.7243904859842
606,6.067584480600751,59080147.30967928,393399.06684224505,393.79967815045103
607,6.0775969962453065,59056022.16745523,393472.4711775421,393.874373727102
608,6.0876095118898625,59032023.579566635,393545.29846957844,393.9484816232751
609,6.097622027534419,59008151.17306787,393617.5529825623,394.02200620323424
610,6.107634543178974,58984404.57026017,393689.2389436352,394.0949517573107
611,6.11764705882353,58960783.40424794,393760.36061976576,394.1673221249345
612,6.127659574468085,58937287.31001977,393830.9222743302,394.23912109670084
613,6.137672090112641,58913915.90735477,393900.9280856343,394.310353669001
614,6.147684605757196,58890668.813719966,393970.38220754924,394.381024778928
615,6.157697121401752,58867545.64573755,394039.28877518163,394.45113869240106
616,6.1677096370463085,58844546.01594676,394107.6518887636,394.5206993893219
617,6.177722152690864,58821669.53387508,394175.47562012007,394.589710321348
618,6.18773466833542,58798915.806136556,394242.76400580554,394.6581757249669
619,6.197747183979975,58776284.439217485,394309.5210799728,394.7260999338393
620,6.207759699624531,58753775.035883114,394375.7508355566,394.7934873740848
621,6.217772215269086,58731387.19603265,394441.4572371077,394.86034189014674
622,6.227784730913642,58709120.51728672,394506.6442228023,394.92666731945155
623,6.237797246558198,58686974.59410061,394571.31571831385,394.9924676892469
624,6.2478097622027535,58664948.98758331,394635.475916545,395.05774733969326
625,6.25782227784731,58643043.31568279,394699.12841825024,395.1225099310197
626,6.267834793491865,58621257.19743442,394762.27677965566,395.1867590779979
627,6.277847309136421,58599590.164203376,394824.9253165424,395.25049918234595
628,6.287859824780976,58578041.960472316,394887.0762109202,395.31373246955894
629,6.297872340425532,58556612.103693455,394948.7337971458,395.37646336123174
630,6.307884856070088,58535300.13958681,395009.90219560167,395.43869606083075
631,6.317897371714643,58514105.61387236,395070.5855266703,395.5004347718223
632,6.3279098873591995,58493028.0722701,395130.7879107342,395.5616836976729
633,6.337922403003755,58472067.06185666,395190.5134448352,395.6224470180403
634,6.347934918648311,58451222.193455786,395249.7651292554,395.6827277938334
635,6.357947434292866,58430493.06965728,395308.54610594106,395.74252923046527
636,6.367959949937422,58409879.26527076,395366.85999479174,395.8018550208852
637,6.377972465581978,58389380.35510588,395424.710415707,395.8607088580425
638,6.387984981226533,58368995.91397224,395482.10098858667,395.91909443488646
639,6.397997496871089,58348725.5166599,395539.03533297684,395.9770154440055
640,6.4080100125156445,58328568.722628586,395595.5167919822,396.0344752958779
641,6.418022528160201,58308525.08771756,395651.5486434224,396.09147733435793
642,6.428035043804756,58288594.17837293,395707.13435638236,396.1480250984877
643,6.438047559449312,58268775.56104076,395762.2773999473,396.20412212730923
644,6.448060075093868,58249068.80216713,395816.9812432023,396.2597719598646
645,6.458072590738423,58229473.46819814,395871.2493552326,396.31497813519593
646,6.468085106382979,58209989.11718072,395925.08500406647,396.3697439874475
647,6.478097622027534,58190615.299871646,395978.49128322245,396.42407267292015
648,6.48811013767209,58171351.57654883,396031.47151413374,396.47796758018325
649,6.498122653316646,58152197.50757313,396084.02902021835,396.53143209982903
650,6.508135168961202,58133152.653305374,396136.1671248945,396.58446962244983
651,6.518147684605758,58114216.5741064,396187.88915158017,396.63708353863785
652,6.528160200250313,58095388.826599725,396239.1983100847,396.68927708165967
653,6.538172715894869,58076668.959996715,396290.0975849016,396.74105317276417
654,6.548185231539424,58058056.52929618,396340.5901364525,396.79241497682574
655,6.55819774718398,58039551.089780666,396390.6791337835,396.843365670662
656,6.5682102628285355,58021152.19652352,396440.3677342966,396.89390842228823
657,6.578222778473092,58002859.40171773,396489.6589350535,396.9440462785096
658,6.588235294117648,57984672.258413866,396538.55578085367,396.99378232221886
659,6.598247809762203,57966590.32033901,396587.06135415554,397.04311966477746
660,6.608260325406759,57948613.141220205,396635.1787374176,397.0920614175466
661,6.618272841051314,57930740.274492115,396682.9109536671,397.1406111361811
662,6.62828535669587,57912971.27244839,396730.26090957475,397.1887727413135
663,6.638297872340425,57895305.685974844,396777.23155838787,397.23654831394884
664,6.648310387984981,57877743.0559861,396823.82590299693,397.28394069912594
665,6.6583229036295375,57860282.941443,396870.0468110479,397.3309529358048
666,6.668335419274093,57842924.85019113,396915.8974578218,397.37758828317703
667,6.678347934918649,57825668.36677155,396961.3804976659,397.4238494044883
668,6.688360450563204,57808513.07843212,397006.4985555478,397.46973895823896
669,6.69837296620776,57791458.56436028,397051.2542776209,397.51525963902174
670,6.708385481852315,57774504.46504621,397095.64983721665,397.5604136601112
671,6.718397997496871,57757650.27329582,397139.6883999132,397.60520424507615
672,6.728410513141427,57740895.49606217,397183.3730526173,397.6496345373553
673,6.7384230287859825,57724239.64029829,397226.7068822356,397.6937076803874
674,6.748435544430539,57707682.21295726,397269.6929756748,397.7374268176109
675,6.758448060075094,57691222.721041344,397312.3344194087,397.78079509202246
676,6.76846057571965,57674860.75907736,397354.63352993445,397.82381486013895
677,6.778473091364205,57658595.9448697,397396.59241897054,397.86648826930997
678,6.788485607008761,57642427.831662364,397438.21376618976,397.908818047012
679,6.798498122653317,57626355.97269942,397479.5002512649,397.9508069207217
680,6.808510638297872,57610379.92122488,397520.4545538688,397.9924576179155
681,6.8185231539424285,57594499.23048279,397561.0793536741,398.0337728660701
682,6.828535669586984,57578713.454712674,397601.37727641483,398.07475533636034
683,6.83854818523154,57563022.15396547,397641.3506329516,398.11540737129525
684,6.848560700876095,57547424.8846831,397681.0019296882,398.1557315174924
685,6.858573216520651,57531921.2024189,397720.3337211741,398.1957303718242
686,6.868585732165207,57516510.6627262,397759.34856195876,398.23540653116294
687,6.878598247809762,57501192.82115836,397798.04900659155,398.27476259238085
688,6.888610763454318,57485967.2332687,397836.437609622,398.31380115235027
689,6.8986232790988735,57470833.458569035,397874.5168054124,398.3525250709787
690,6.90863579474343,57455791.06148137,397912.28887703805,398.39093747134933
691,6.918648310387985,57440839.60146915,397949.75622172037,398.4290401043801
692,6.928660826032541,57425978.63790155,397986.92123960104,398.46683463973096
693,6.938673341677097,57411207.46255219,398023.787748004,398.5043250262977
694,6.948685857321652,57396526.434490584,398060.353819031,398.54150887917393
695,6.958698372966208,57381934.32611765,398096.62604919524,398.5783938847922
696,6.968710888610763,57367430.928323604,398132.6055348942,398.61498104087724
697,6.9787234042553195,57353015.8918895,398168.2941183336,398.65127209230405
698,6.988735919899875,57338688.631492525,398203.6948747203,398.68727014967453
699,6.998748435544431,57324448.970974684,398238.8087044424,398.7229761347687
700,7.008760951188987,57310296.37970998,398273.6383650942,398.75839286927584
701,7.018773466833542,57296230.36736126,398308.1864144579,398.7935229701346
702,7.028785982478098,57282250.4435914,398342.4554103158,398.82836905428366
703,7.038798498122653,57268356.17206134,398376.44758289866,398.8629334024872
704,7.048811013767209,57254547.18806014,398410.16472794296,398.8972178495763
705,7.0588235294117645,57240823.06306646,398443.6090282576,398.9312246276446
706,7.068836045056321,57227183.367317684,398476.7826741811,398.9649559765137
707,7.078848560700877,57213627.672740564,398509.68782659236,398.99841410150907
708,7.088861076345432,57200155.558035694,398542.32652824855,399.0316010696398
709,7.098873591989988,57186766.597982414,398574.7008902854,399.06451902798375
710,7.108886107634543,57173460.3667541,398606.81303440576,399.0971701359924
711,7.118898623279099,57160236.43913577,398638.66507286613,399.1295565422062
712,7.128911138923654,57147094.397712775,398670.25899746025,399.1616802560193
713,7.13892365456821,57134033.82271411,398701.5968363718,399.19354332885973
714,7.1489361702127665,57121054.29264511,398732.6806444038,399.2251478429034
715,7.158948685857322,57108155.38606087,398763.51247565163,399.2564958796806
716,7.168961201501878,57095336.6880383,398794.0942915433,399.2875894361601
717,7.178973717146433,57082597.78492615,398824.4280354351,399.3184304928199
718,7.188986232790989,57069938.259858474,398854.5156963608,399.34902107182
719,7.198998748435544,57057357.69598436,398884.3592631588,399.37936319519105
720,7.2090112640801,57044855.68246185,398913.9606466567,399.4094588333178
721,7.219023779724656,57032431.810479574,398943.321731319,399.4393099391323
722,7.2290362953692116,57020085.66774818,398972.444446764,399.46891849545943
723,7.239048811013768,57007816.841978915,399001.33072260243,399.4982864851171
724,7.249061326658323,56995624.92664819,399029.9824178149,399.5274158229981
725,7.259073842302879,56983509.5182027,399058.4013549931,399.55630838900004
726,7.269086357947434,56971470.20913305,399086.5894051952,399.5849661096307
727,7.27909887359199,56959506.59192983,399114.5484394794,399.61339091139797
728,7.289111389236546,56947616.30433951,399142.28909655695,399.64159356199866
729,7.299123904881101,56935804.22482058,399169.7893673877,399.66955175050686
730,7.3091364205256575,56924065.79686281,399197.06977910316,399.6972862587
731,7.319148936170213,56912401.02046621,399224.1303317033,399.724797086578
732,7.329161451814769,56900809.78258602,399250.9715006613,399.75208449631145
733,7.339173967459324,56889291.84980112,399277.59428433375,399.7791492758162
734,7.34918648310388,56877846.92303297,399304.0000063694,399.8059931126783
735,7.359198998748436,56866474.25079484,399330.19195586385,399.8326195537943
736,7.369211514392991,56855173.912334934,399356.1697789776,399.8590281862461
737,7.379224030037547,56843945.37400325,399381.93578849337,399.8852213719236
738,7.3892365456821025,56832788.16641548,399407.49202591047,399.9112012316035
739,7.399249061326659,56821701.82462778,399432.8405131746,399.9369698661146
740,7.409261576971214,56810685.99237017,399457.9827594182,399.9625287488524
741,7.41927409261577,56799740.3266134,399482.9202112933,399.98787927676665
742,7.429286608260326,56788864.44009722,399507.6545241701,400.01302310217625
743,7.439299123904881,56778057.94678506,399532.1873417918,400.03796186133087
744,7.449311639549437,56767320.468388356,399556.5202342793,400.062697088726
745,7.459324155193992,56756651.623411626,399580.6548022258,400.08723036097336
746,7.4693366708385485,56746051.02939143,399604.5926554223,400.11156326739666
747,7.479349186483104,56735518.307901986,399628.3353691933,400.13569742562805
748,7.48936170212766,56725053.08611209,399651.8844711065,400.1596344925246
749,7.499374217772216,56714654.98676285,399675.24152652564,400.1833760938998
750,7.509386733416771,56704323.6391365,399698.40804609307,400.20692383848564
751,7.519399249061327,56694058.692393795,399721.3853741107,400.2302792855084
752,7.529411764705882,56683859.75449399,399744.17519964854,400.2534440968031
753,7.539424280350438,56673726.450811125,399766.77906605223,400.27641989083475
754,7.5494367959949935,56663658.40671923,399789.19851666753,400.2992082860683
755,7.55944931163955,56653655.24759234,399811.43509484007,400.32181090096884
756,7.569461827284106,56643716.64719676,399833.4899323402,400.3442285312146
757,7.579474342928661,56633842.23882698,399855.3645051504,400.3664626606034
758,7.589486858573217,56624031.63479706,399877.0604676911,400.3885151296519
759,7.599499374217772,56614284.46646927,399898.5793123781,400.4103874550102
760,7.609511889862328,56604600.3652059,399919.9225316271,400.43208115332857
761,7.619524405506883,56594978.970466085,399941.09155277716,400.4535976683014
762,7.629536921151439,56585420.004085876,399962.0871410783,400.474937701376
763,7.6395494367959955,56575923.0500991,399982.9111693397,400.4961031956498
764,7.649561952440551,56566487.7475607,400003.56506814883,400.51709559845926
765,7.659574468085107,56557113.73552564,400024.05026809307,400.5379163571406
766,7.669586983729662,56547800.65304885,400044.3681997599,400.5585669190302
767,7.679599499374218,56538548.23046149,400064.51959691,400.5790481042057
768,7.689612015018774,56529356.03770745,400084.5064177429,400.5993618349412
769,7.699624530663329,56520223.76185543,400104.3297262962,400.6195092286178
770,7.709637046307885,56511151.04496043,400123.99093025434,400.63949171195543
771,7.719649561952441,56502137.530549765,400143.49142606143,400.65931070155574
772,7.729662077596997,56493182.86362306,400162.8325989216,400.6789676039028
773,7.739674593241552,56484286.77429809,400182.0152191256,400.69846323487866
774,7.749687108886108,56475448.874238156,400201.04091123777,400.7177992325136
775,7.759699624530664,56466668.82154989,400219.9109640258,400.73697691263067
776,7.769712140175219,56457946.27830154,400238.62663705216,400.75599756366
777,7.779724655819775,56449280.90892942,400257.18917217426,400.7748624576973
778,7.78973717146433,56440672.38023798,400275.5997935447,400.7935728505039
779,7.7997496871088865,56432120.359259784,400293.8597394335,400.8121299889737
780,7.809762202753442,56423624.51220774,400311.9702778093,400.8305351147895
781,7.819774718397998,56415184.51570977,400329.93253927416,400.848789425221
782,7.829787234042554,56406800.04501894,400347.7476923847,400.8668941142641
783,7.839799749687109,56398470.77766975,400365.41688928154,400.8848503598825
784,7.849812265331665,56390196.39347809,400382.94126568956,400.90265932400814
785,7.85982478097622,56381976.574541286,400400.3219409176,400.92032215254096
786,7.869837296620776,56373810.9752156,400417.5602808629,400.93784020450903
787,7.8798498122653315,56365699.273683,400434.6574462736,400.95521465846195
788,7.889862327909888,56357641.165955365,400451.6144452729,400.9724465582363
789,7.899874843554444,56349636.3367409,400468.4323885772,400.9895370353313
790,7.909887359198999,56341684.47249263,400485.11237518763,401.00648720930985
791,7.919899874843555,56333785.26140838,400501.65549239,401.02329818779884
792,7.92991239048811,56325938.39343084,400518.06281575485,401.03997106648876
793,7.939924906132666,56318143.5284994,400534.33569623,401.0565072050452
794,7.949937421777221,56310400.37344655,400550.4750647803,401.0729075588305
795,7.9599499374217775,56302708.62032793,400566.48199005757,401.08917321485444
796,7.9699624530663336,56295067.96177977,400582.3575395266,401.1053052583087
797,7.979974968710889,56287478.09183952,400598.10277204425,401.121304765435
798,7.989987484355445,56279938.7059458,400613.7187378595,401.1371728035255
799,8.0,56272449.499697804,400629.20649693976,401.15291045357736
