,time,virusa,bacteriaa,grazera
0,0.0,1000.0,1000.0,1000.0
1,0.01001001001001001,499706.5214666285,1001.0598248270159,500.126235262713
2,0.02002002002002002,996480.3691816272,1005.0099754452742,333.5592449816657
3,0.03003003003003003,1492170.0891506283,1010.1656640739964,250.28794298915213
4,0.04004004004004004,1987040.8142330032,1016.0038880170041,200.3300131435591
5,0.050050050050050046,2481210.5741892825,1022.2935830933328,167.02743080617256
6,0.06006006006006006,2974742.4043902424,1028.9124819818703,143.24170995646512
7,0.07007007007007007,3467674.038992555,1035.788218843732,125.40382523544172
8,0.08008008008008008,3960029.92925055,1042.8745476195957,111.53106953053381
9,0.09009009009009009,4451826.877878447,1050.1402182972176,100.4338567759048
10,0.10010010010010009,4943076.970418505,1057.5632029105705,91.35519568590622
11,0.11011011011011011,5433789.2241271995,1065.1274549281236,83.7904355290973
12,0.12012012012012012,5923970.573768193,1072.8209760949298,77.39020826956832
13,0.13013013013013014,6413626.490668603,1080.6346052777408,71.90496831538445
14,0.14014014014014015,6902761.387407206,1088.5612284070191,67.15171749431921
15,0.15015015015015015,7391378.891477482,1096.5952453883317,62.993208730141696
16,0.16016016016016016,7879482.035738547,1104.7321998925006,59.32448908818453
17,0.17017017017017017,8367073.394324625,1112.9685158289392,56.06392903190616
18,0.18018018018018017,8854155.181701122,1121.3013056582695,53.1470846044725
19,0.19019019019019018,9340729.32625742,1129.7282282912076,50.522400841286654
20,0.20020020020020018,9826797.525911642,1138.2473819725355,48.148143154674536
21,0.21021021021021022,10312361.290726706,1146.8572223003982,45.99016513312168
22,0.22022022022022023,10797421.976086294,1155.556498655221,44.0202590107347
23,0.23023023023023023,11281980.808760243,1164.344204286852,42.21491838560123
24,0.24024024024024024,11766038.907661628,1173.2195367007673,40.55439796595598
25,0.2502502502502503,12249597.300504241,1182.181865896298,39.021990271004285
26,0.2602602602602603,12732656.937331494,1191.2307086678577,37.603462998446815
27,0.2702702702702703,13215218.701569723,1200.365707642082,36.2866172092431
28,0.2802802802802803,13697283.419120053,1209.5866140291307,35.060936546919756
29,0.2902902902902903,14178851.865942473,1218.8932733476875,33.91730688136915
30,0.3003003003003003,14659924.774374641,1228.2856135198717,32.847790127334704
31,0.3103103103103103,15140502.838437807,1237.7636348857866,31.845440496820267
32,0.3203203203203203,15620586.71834427,1247.3274017802462,30.904154150260958
33,0.3303303303303303,16100177.044305125,1256.9770353872148,30.01854537456787
34,0.34034034034034033,16579274.419802679,1266.7127076507031,29.183843996265765
35,0.35035035035035034,17057879.424392283,1276.5346360595734,28.39580987517653
36,0.36036036036036034,17535992.616123274,1286.4430791638063,27.6506612981929
37,0.37037037037037035,18013614.53362572,1296.4383327020203,26.945014678772285
38,0.38038038038038036,18490745.697920125,1306.5207262429142,26.275833485820748
39,0.39039039039039036,18967386.61402249,1316.6906202651076,25.640384833892014
40,0.40040040040040037,19443537.77232831,1326.9484036097017,25.036202502097762
41,0.41041041041041043,19919199.649833705,1337.2944912480098,24.461055175345212
42,0.42042042042042044,20394372.711203173,1347.729322321135,23.91291911819795
43,0.43043043043043044,20869057.40972998,1358.2533584149066,23.389954593220565
44,0.44044044044044045,21343254.188175105,1368.8670820366306,22.890485423991457
45,0.45045045045045046,21816963.479505602,1379.5709952661684,22.412981209675387
46,0.46046046046046046,22290185.7075708,1390.3656185605887,21.956041814754467
47,0.47047047047047047,22762921.28769121,1401.2514896915322,21.518383806309025
48,0.4804804804804805,23235170.627190623,1412.229162798328,21.09882853186483
49,0.4904904904904905,23706934.125873934,1423.2992075451853,20.696291666439368
50,0.5005005005005005,24178212.17645005,1434.4622083668592,20.309773967998474
51,0.5105105105105106,24649005.164912842,1445.7187637913692,19.938353048851766
52,0.5205205205205206,25119313.470888324,1457.0694858380134,19.581176177011432
53,0.5305305305305306,25589137.467955686,1468.5149994739909,19.23745379545826
54,0.5405405405405406,26058477.523922738,1480.0559421279233,18.90645379718433
55,0.5505505505505506,26527334.001081765,1491.6929632517413,18.587496385830388
56,0.5605605605605606,26995707.256441507,1503.4267239274357,18.279949489966434
57,0.5705705705705706,27463597.641930062,1515.2578965130865,17.98322465428097
58,0.5805805805805806,27931005.504592568,1527.1871643238194,17.69677333363218
59,0.5905905905905906,28397931.186765738,1539.2152213457998,17.420083580273317
60,0.6006006006006006,28864375.026226025,1551.3427719768954,17.152677030172885
61,0.6106106106106106,29330337.35633336,1563.5705307951716,16.894106208235648
62,0.6206206206206206,29795818.506165944,1575.8992223493665,16.643952064987396
63,0.6306306306306306,30260818.80063609,1588.3295809717365,16.401821767844027
64,0.6406406406406406,30725338.56059583,1600.8623506087094,16.167346673460578
65,0.6506506506506506,31189378.10293579,1613.4982846702528,15.940180502665235
66,0.6606606606606606,31652937.740676366,1626.2381458940702,15.71999766118554
67,0.6706706706706707,32116017.783044834,1639.082706226826,15.506491751813375
68,0.6806806806806807,32578618.535549935,1652.0327467142126,15.299374145964302
69,0.6906906906906907,33040740.300046884,1665.0890574056327,15.098372715512046
70,0.7007007007007007,33502383.37479474,1678.2524372724483,14.903230711540683
71,0.7107107107107107,33963548.054520175,1691.523694130607,14.713705640917325
72,0.7207207207207207,34424234.63046357,1704.9036445786958,14.52956833219541
73,0.7307307307307307,34884443.390423685,1718.3931139412507,14.35060202761295
74,0.7407407407407407,35344174.61879544,1731.9929362188911,14.176601532068153
75,0.7507507507507507,35803428.5966099,1745.7039540501767,14.007372487200255
76,0.7607607607607607,36262205.60156488,1759.527018675844,13.842730642461756
77,0.7707707707707707,36720505.90805164,1773.4629899117708,13.682501216586274
78,0.7807807807807807,37178329.787179664,1787.512736127602,13.526518305115413
79,0.7907907907907907,37635677.50680683,1801.6771342293896,13.374624309684194
80,0.8008008008008007,38092549.331554845,1815.9570696494102,13.226669441688692
81,0.8108108108108109,38548945.522824675,1830.3534363388887,13.082511238301034
82,0.8208208208208209,39004866.33880925,1844.8671367656173,12.942014119620467
83,0.8308308308308309,39460312.034507975,1859.4990819165193,12.805048987128988
84,0.8408408408408409,39915282.86173886,1874.2501913027565,12.671492833961084
85,0.8508508508508509,40369779.06914485,1889.121392969487,12.54122839673366
86,0.8608608608608609,40823800.90219971,1904.1136235085362,12.414143825298183
87,0.8708708708708709,41277348.60321152,1919.2278280739358,12.290132371241599
88,0.8808808808808809,41730422.41132595,1934.4649604012839,12.16909210707487
89,0.8908908908908909,42183022.562528685,1949.825982828956,12.050925652184095
90,0.9009009009009009,42635149.28964378,1965.3118663228574,11.935539928106726
91,0.9109109109109109,43086802.82233085,1980.9235905037465,11.822845930666775
92,0.9209209209209209,43537983.38708195,1996.6621436762118,11.712758508051929
93,0.9309309309309309,43988691.207217775,2012.5285228584426,11.605196135271004
94,0.9409409409409409,44438926.50287952,2028.523733818186,11.500080750671971
95,0.950950950950951,44888689.49102126,2044.6487911081585,11.397337573113095
96,0.960960960960961,45337980.385405965,2060.9047181026112,11.296894918821767
97,0.970970970970971,45786799.39659603,2077.2925470371565,11.198684047100485
98,0.980980980980981,46235146.73194133,2093.8133190509598,11.102639023193625
99,0.990990990990991,46683022.59556952,2110.4680842294097,11.008696574534973
100,1.001001001001001,47130427.18837028,2127.2579016472814,10.91679594575447
101,1.011011011011011,47577360.70798605,2144.1838394163715,10.826878789763843
102,1.021021021021021,48023823.34879741,2161.2469747330106,10.738889050584513
103,1.031031031031031,48469815.30190794,2178.4483939266624,10.652772848249057
104,1.0410410410410411,48915336.75512821,2195.789192510236,10.568478373730352
105,1.0510510510510511,49360387.892958656,2213.270475232451,10.485955798571725
106,1.0610610610610611,49804968.89657206,2230.893356130761,10.405157180954717
107,1.0710710710710711,50249079.94380105,2248.6589585851957,10.326036372945655
108,1.0810810810810811,50692721.209116064,2266.5684153743337,10.24854894354529
109,1.0910910910910911,51135892.86360708,2284.622868732082,10.172652101751947
110,1.1011011011011012,51578595.074963,2302.8234704052948,10.098304621104287
111,1.1111111111111112,52020828.007448494,2321.171381712399,10.025466767639376
112,1.1211211211211212,52462591.82188658,2339.6677736039305,9.954100238655927
113,1.1311311311311312,52903886.67563509,2358.3138267234544,9.884168099355302
114,1.1411411411411412,53344712.722566575,2377.11073146942,9.815634721151376
115,1.1511511511511512,53785070.11304411,2396.059688058382,9.74846572736673
116,1.1611611611611612,54224958.9938976,2415.1619065891373,9.682627940979122
117,1.1711711711711712,54664379.50839992,2434.4186071076506,9.618089333434263
118,1.1811811811811812,55103331.79624147,2453.831019672792,9.55481897500518
119,1.1911911911911912,55541815.99350582,2473.400384423456,9.49278699168763
120,1.2012012012012012,55979832.23264357,2493.127951646268,9.431964521579792
121,1.2112112112112112,56417380.64244714,2513.0149818440204,9.372323671677023
122,1.2212212212212212,56854461.348023325,2533.0627458053314,9.313837480280558
123,1.2312312312312312,57291074.47076534,2553.2725246751465,9.256479881267069
124,1.2412412412412412,57727220.128325135,2573.6456100259797,9.200225668855103
125,1.2512512512512513,58162898.4345849,2594.1833039300213,9.145050464572373
126,1.2612612612612613,58598109.49962874,2614.886919030995,9.090930676072128
127,1.2712712712712713,59032853.42971245,2635.757778618641,9.037843473926834
128,1.2812812812812813,59467130.32723326,2656.7972167034077,8.985766764490647
129,1.2912912912912913,59900940.29069916,2678.006578091567,8.934679160803087
130,1.3013013013013013,60334283.41469792,2699.3872184612947,8.884559956259656
131,1.3113113113113113,60767159.78986936,2720.9405044388086,8.835389091836866
132,1.3213213213213213,61199569.502870075,2742.667813676681,8.787147139324759
133,1.3313313313313313,61631512.636341326,2764.570534932244,8.739815278430788
134,1.3413413413413413,62062989.268876895,2786.6500681466864,8.693375274092912
135,1.3513513513513513,62493999.474989645,2808.907824524901,8.647809455212524
136,1.3613613613613613,62924543.325074725,2831.3452266153213,8.60310068912285
137,1.3713713713713713,63354620.88537829,2853.9637083921934,8.559232368536389
138,1.3813813813813813,63784232.21796208,2876.764715337566,8.516188392366288
139,1.3913913913913913,64213377.380667545,2899.7497045240802,8.47395314783951
140,1.4014014014014013,64642056.427079886,2922.920144698507,8.432511493241796
141,1.4114114114114114,65070269.40649132,2946.277516365756,8.391848738724187
142,1.4214214214214214,65498016.36386406,2969.823311874304,8.351950634913402
143,1.4314314314314314,65925297.33979252,2993.559035501869,8.31280335725873
144,1.4414414414414414,66352112.37046501,3017.486203541887,8.274393491851251
145,1.4514514514514514,66778461.48762605,3041.606344390646,8.236708021321625
146,1.4614614614614614,67204344.71854027,3065.9209986349847,8.199734309989193
147,1.4714714714714714,67629762.0859488,3090.4317191412465,8.163460094229862
148,1.4814814814814814,68054713.60803078,3115.140071144531,8.127873469719251
149,1.4914914914914914,68479199.29836324,3140.047632338754,8.092962880024261
150,1.5015015015015014,68903219.16587894,3165.1559929673085,8.05871710498911
151,1.5115115115115114,69326773.21482293,3190.4667559143677,8.025125249149758
152,1.5215215215215214,69749861.4447137,3215.981536797363,7.992176733537844
153,1.5315315315315314,70172483.85029905,3241.701964059758,7.959861285283225
154,1.5415415415415414,70594640.42151272,3267.629679064639,7.9281689283324415
155,1.5515515515515514,71016331.1434314,3293.766336188937,7.8970899738998
156,1.5615615615615615,71437555.99623081,3320.1136029183835,7.866615011464758
157,1.5715715715715715,71858314.95513949,3346.673159943337,7.83673490157727
158,1.5815815815815815,72278607.99039394,3373.4467012551395,7.807440767467068
159,1.5915915915915915,72698435.06719269,3400.4359342432385,7.778723987446001
160,1.6016016016016015,73117796.14564937,3427.642579792904,7.750576186978858
161,1.6116116116116117,73536691.18074551,3455.0683723837456,7.722989231597115
162,1.6216216216216217,73955120.12228316,3482.715060189027,7.695955220693186
163,1.6316316316316317,74373082.91483647,3510.58440517555,7.669466480696068
164,1.6416416416416417,74790579.4977026,3538.6781832042793,7.643515558796047
165,1.6516516516516517,75207609.80485305,3566.9981841315675,7.6180952160386814
166,1.6616616616616617,75624173.76488303,3595.5462119112644,7.5931984220558615
167,1.6716716716716717,76040271.30096029,3624.3240846975273,7.568818349935682
168,1.6816816816816818,76455902.33077411,3653.3336349482324,7.544948370562322
169,1.6916916916916918,76871066.76648332,3682.5767095291476,7.521582047528375
170,1.7017017017017018,77285764.51466358,3712.055169818815,7.498713132288095
171,1.7117117117117118,77699995.47625422,3741.770891814088,7.476335559191697
172,1.7217217217217218,78113759.54650466,3771.7257662357615,7.454443437059167
173,1.7317317317317318,78527056.61491942,3801.9216986362744,7.43303104901983
174,1.7417417417417418,78939886.56520292,3832.3606095073474,7.412092847973952
175,1.7517517517517518,79352249.27520362,3863.044434388264,7.391623451793974
176,1.7617617617617618,79764144.6168574,3893.975123974979,7.3716176394254465
177,1.7717717717717718,80175572.4561303,3925.1546442299446,7.35207034717372
178,1.7817817817817818,80586532.65296108,3956.584976492538,7.3329766643793715
179,1.7917917917917918,80997025.06120479,3988.268117589906,7.314331827256942
180,1.8018018018018018,81407049.52857023,4020.2060799495066,7.29613121959872
181,1.8118118118118118,81816605.89656103,4052.4008917115725,7.278370368246408
182,1.8218218218218218,82225694.00041516,4084.854596842445,7.261044939714993
183,1.8318318318318318,82634313.66904363,4117.5692552486535,7.244150737185514
184,1.8418418418418419,83042464.72496845,4150.546942891707,7.22768369763913
185,1.8518518518518519,83450146.98425868,4183.789751903291,7.211639887973567
186,1.8618618618618619,83857360.25646588,4217.299790701223,7.196015501411578
187,1.8718718718718719,84264104.34456235,4251.079184107056,7.180806857439236
188,1.8818818818818819,84670379.04487471,4285.130073463377,7.1660103981364065
189,1.8918918918918919,85076184.1470179,4319.454616752114,7.151622685718089
190,1.901901901901902,85481519.43382832,4354.05498871357,7.137640400206015
191,1.911911911911912,85886384.6812963,4388.93338096616,7.124060337198899
192,1.921921921921922,86290779.65849729,4424.092002126631,7.110879404586648
193,1.931931931931932,86694704.12752277,4459.533077931317,7.098094620974307
194,1.941941941941942,87098157.84341021,4495.2588513581495,7.085703114420484
195,1.951951951951952,87501140.55407198,4531.271582749121,7.073702119984835
196,1.961961961961962,87903652.00022344,4567.573549933559,7.062088977860883
197,1.971971971971972,88305691.91531022,4604.167048352106,7.050861131592453
198,1.981981981981982,88707260.0254346,4641.054391181393,7.040016126307499
199,1.991991991991992,89108356.04928353,4678.237909459076,7.0295516061213
200,2.002002002002002,89508979.6980509,4715.719952210276,7.019465313478706
201,2.012012012012012,89909130.67536116,4753.502886574355,7.009755087628331
202,2.022022022022022,90308808.67719282,4791.589097932345,7.000418862943556
203,2.032032032032032,90708013.39180043,4829.980990035123,6.991454667510155
204,2.042042042042042,91106744.49963556,4868.680985132307,6.982860621780605
205,2.052052052052052,91505001.67326643,4907.691524101768,6.974634937149017
206,2.062062062062062,91902784.57729483,4947.015066579596,6.966775914088025
207,2.0720720720720722,92300092.86827715,4986.6540910915,6.9592819418298
208,2.0820820820820822,92696926.19464055,5026.611095184331,6.952151496978044
209,2.0920920920920922,93093284.19659866,5066.888595558393,6.94538314234723
210,2.1021021021021022,93489166.50606659,5107.489128200463,6.9389755259185515
211,2.1121121121121122,93884572.74657464,5148.415248517506,6.932927379849654
212,2.1221221221221223,94279502.53318161,5189.669531470931,6.927237519335508
213,2.1321321321321323,94673955.47238687,5231.254571711493,6.921904841470055
214,2.1421421421421423,95067931.16204014,5273.172983715396,6.916928324919538
215,2.1521521521521523,95461429.19125146,5315.427401920547,6.912307028872969
216,2.1621621621621623,95854449.1402997,5358.020480863616,6.908040092252605
217,2.1721721721721723,96246990.5805399,5400.954895317786,6.9041267329778355
218,2.1821821821821823,96639053.07430951,5444.233340431155,6.900566247273268
219,2.1921921921921923,97030636.17483301,5487.858531865527,6.897358008763362
220,2.2022022022022023,97421739.42612584,5531.833205936201,6.894501467921092
221,2.2122122122122123,97812362.36289746,5576.160119752553,6.891996151705263
222,2.2222222222222223,98202504.51045261,5620.8420513589,6.8898416628774175
223,2.2322322322322323,98592165.3845915,5665.88179987613,6.888037679488564
224,2.2422422422422423,98981344.49150874,5711.282185643982,6.886583954403991
225,2.2522522522522523,99370041.32769106,5757.046050363926,6.88548031484468
226,2.2622622622622623,99758255.37981403,5803.176257242069,6.88472666159198
227,2.2722722722722724,100145986.1246369,5849.675691134013,6.884322969056192
228,2.2822822822822824,100533233.02889639,5896.547258689628,6.884269284953882
229,2.2922922922922924,100919995.54919925,5943.793888498266,6.884565729895047
230,2.3023023023023024,101306273.13191348,5991.418531234739,6.88521249711471
231,2.3123123123123124,101692065.21305801,6039.424159805903,6.886209852240356
232,2.3223223223223224,102077371.21819116,6087.813769497842,6.88755813309533
233,2.3323323323323324,102462190.56229763,6136.5903781236375,6.889257749538445
234,2.3423423423423424,102846522.64967406,6185.757026171733,6.89130918334006
235,2.3523523523523524,103230366.87381244,6235.316776953406,6.893712987329756
236,2.3623623623623624,103613722.6172822,6285.272716751095,6.896469784722166
237,2.3723723723723724,103996589.25161332,6335.627954972369,6.899580271140397
238,2.3823823823823824,104378966.13717505,6386.385624298601,6.903045213611238
239,2.3923923923923924,104760852.623054,6437.548880835973,6.906865450524187
240,2.4024024024024024,105142248.04693067,6489.120904267059,6.911041891652274
241,2.4124124124124124,105523151.7349545,6541.104898002944,6.915575518203961
242,2.4224224224224224,105903563.0016172,6593.5040893358555,6.920467382906318
243,2.4324324324324325,106283481.14962457,6646.321729592309,6.9257186101197785
244,2.4424424424424425,106662905.4697667,6699.561094286419,6.931330395875755
245,2.4524524524524525,107041835.24078645,6753.22548326995,6.937304006699709
246,2.4624624624624625,107420269.72924621,6807.318220891871,6.943640781458948
247,2.4724724724724725,107798208.1893932,6861.842656152894,6.950342131424957
248,2.4824824824824825,108175649.86302276,6916.80216285993,6.957409540182441
249,2.4924924924924925,108552593.97934003,6972.200139781902,6.964844563875263
250,2.5025025025025025,108929039.75481996,7028.04001080599,6.972648831479693
251,2.5125125125125125,109304986.39306529,7084.32522509429,6.9808240451051375
252,2.5225225225225225,109680433.084663,7141.059257240872,6.989371980322535
253,2.5325325325325325,110055379.0070387,7198.245607429239,6.998294486520672
254,2.5425425425425425,110429823.32430737,7255.887801587287,7.007593486747495
255,2.5525525525525525,110803765.18712348,7313.989391544484,7.017270977926604
256,2.5625625625625625,111177203.73253357,7372.553955196247,7.027329032405701
257,2.5725725725725725,111550138.08382109,7431.585096659621,7.037769797814317
258,2.5825825825825826,111922567.35035111,7491.08644643222,7.048595497510803
259,2.5925925925925926,112294490.62741311,7551.061661551519,7.05980843106191
260,2.6026026026026026,112665906.9960618,7611.514425754407,7.071410974747228
261,2.6126126126126126,113036815.5229557,7672.448449637004,7.083405582088629
262,2.6226226226226226,113407215.26019391,7733.867470814732,7.095794784404874
263,2.6326326326326326,113777105.24515042,7795.775254081947,7.108581191319262
264,2.6426426426426426,114146484.50030565,7858.175591566761,7.121767490736167
265,2.6526526526526526,114515352.03307791,7921.072302899279,7.135356450305067
266,2.6626626626626626,114883706.83565107,7984.469235370999,7.149350917913598
267,2.6726726726726726,115251547.88480026,8048.370264094525,7.1637538222233745
268,2.6826826826826826,115618874.14171538,8112.779292164478,7.178568173348701
269,2.6926926926926926,115985684.55182233,8177.700250818501,7.193797063558667
270,2.7027027027027026,116351978.04460198,8243.13709959835,7.209443668002712
271,2.7127127127127126,116717753.5334067,8309.09382651103,7.225511245459819
272,2.7227227227227226,117083009.91527465,8375.574448189978,7.242003139111438
273,2.7327327327327327,117447746.07074311,8442.583010051763,7.258922777010716
274,2.7427427427427427,117811960.86365785,8510.123586457357,7.276273672908769
275,2.7527527527527527,118175653.14097776,8578.200280880032,7.2940594275921296
276,2.7627627627627627,118538821.7325807,8646.817226062334,7.312283729449842
277,2.7727727727727727,118901465.4510656,8715.978584176783,7.330950355343034
278,2.7827827827827827,119263583.09155181,8785.688546986446,7.350063171497455
279,2.7927927927927927,119625173.43147613,8855.951336005373,7.369626134418233
280,2.8028028028028027,119986235.23038708,8926.771202658827,7.389643291826915
281,2.8128128128128127,120346767.22973657,8998.152428443307,7.410118783620884
282,2.8228228228228227,120706768.15266919,9070.099325085126,7.431056842784895
283,2.8328328328328327,121066236.7038102,9142.616234692272,7.452461795956551
284,2.8428428428428427,121425171.56904665,9215.70752992472,7.474338065088662
285,2.8528528528528527,121783571.41530882,9289.37761415043,7.496690168331037
286,2.8628628628628627,122141434.8903486,9363.63092160232,7.519522721013376
287,2.8728728728728727,122498760.62251474,9438.47191753607,7.5428404367181425
288,2.8828828828828827,122855547.22052526,9513.905098387444,7.566648128374058
289,2.8928928928928928,123211793.27323698,9589.934991929144,7.590950709370195
290,2.9029029029029028,123567497.34941211,9666.566157427122,7.615753194690655
291,2.9129129129129128,123922657.99748194,9743.803185796367,7.64106070206981
292,2.9229229229229228,124277273.74531335,9821.650699749309,7.666878452820096
293,2.932932932932933,124631343.09996451,9900.113353952649,7.693211773144884
294,2.942942942942943,124984864.54743332,9979.195835188297,7.720066095717593
295,2.952952952952953,125337836.55241324,10058.902862501636,7.747446960664515
296,2.962962962962963,125690257.55804203,10139.239187353547,7.775360016800832
297,2.972972972972973,126042125.98564738,10220.209593771646,7.8038110228847115
298,2.982982982982983,126393440.23448943,10301.818898500636,7.832805848889333
299,2.992992992992993,126744198.68150003,10384.071951151773,7.862350477292689
300,3.003003003003003,127094399.6810189,10466.973634351376,7.892451004385021
301,3.013013013013013,127444041.56452912,10550.528863886388,7.923113641484218
302,3.023023023023023,127793122.64039898,10634.74258884178,7.954344715776225
303,3.033033033033033,128141641.19358882,10719.619791760397,7.986150672471087
304,3.043043043043043,128489595.4853802,10805.165488782583,8.018538075921434
305,3.053053053053053,128836983.75309768,10891.384729787716,8.051513610927271
306,3.063063063063063,129183804.2098256,10978.282598535634,8.085084084117891
307,3.073073073073073,129530055.04412164,11065.864212806728,8.119256425347173
308,3.083083083083083,129875734.41972674,11154.134724540665,8.154037689101894
309,3.093093093093093,130220840.47527196,11243.099319973715,8.189435055922702
310,3.103103103103103,130565371.32398166,11332.763219774535,8.225455833833996
311,3.113113113113113,130909325.05339868,11423.13167916742,8.262107459044104
312,3.123123123123123,131252699.72506335,11514.209988072544,8.299397497907092
313,3.133133133133133,131595493.37418891,11606.003471244592,8.33733364889838
314,3.143143143143143,131937704.00936575,11698.51748839556,8.375923743647402
315,3.153153153153153,132279329.61224806,11791.75743432196,8.415175748395693
316,3.163163163163163,132620368.13723692,11885.728739030164,8.455097765461229
317,3.173173173173173,132960817.51115987,11980.436867859842,8.495698034708271
318,3.183183183183183,133300675.63294694,12075.887321605402,8.536984935021984
319,3.193193193193193,133639940.37330317,12172.085636635393,8.578966985787087
320,3.203203203203203,133978609.5743776,12269.037385009786,8.621652848369694
321,3.2132132132132134,134316681.0494285,12366.748174595086,8.665051327601565
322,3.2232232232232234,134654152.58249092,12465.223649175432,8.70917137311742
323,3.2332332332332334,134991021.92812213,12564.469488536684,8.75402207858768
324,3.2432432432432434,135327286.81094804,12664.491408607355,8.799612685995417
325,3.2532532532532534,135662944.92532137,12765.295161562119,8.845952586935036
326,3.2632632632632634,135997993.93499509,12866.886535917023,8.893051323416671
327,3.2732732732732734,136332431.47276905,12969.27135662913,8.940918589267032
328,3.2832832832832834,136666255.1401333,13072.455485193375,8.989564231516995
329,3.2932932932932935,136999462.5069081,13176.444819736578,9.038998251774158
330,3.3033033033033035,137332051.11088055,13281.245295108483,9.089230807578517
331,3.3133133133133135,137664018.45743817,13386.862882969768,9.140272213739376
332,3.3233233233233235,137995362.019199,13493.303591876927,9.192132943651474
333,3.3333333333333335,138326079.23563868,13600.573467363945,9.24482363058829
334,3.3433433433433435,138656167.51273,13708.67859202365,9.29835506884154
335,3.3533533533533535,138985624.22262886,13817.625085594984,9.352738214433426
336,3.3633633633633635,139314446.7031777,13927.419105012912,9.407984187254227
337,3.3733733733733735,139642632.25755808,14038.0668444835,9.46410427193229
338,3.3833833833833835,139970178.15391353,14149.574535550231,9.521109918887415
339,3.3933933933933935,140297081.62496063,14261.948447154906,9.579012745417675
340,3.4034034034034035,140623339.86759743,14375.194885694678,9.637824536744294
341,3.4134134134134135,140948950.04250944,14489.320195075185,9.697557247011654
342,3.4234234234234235,141273909.27377278,14604.330756759604,9.758223000239461
343,3.4334334334334335,141598214.64845544,14720.232989813596,9.819834091223944
344,3.4434434434434436,141921863.21621564,14837.033350945985,9.882402986384893
345,3.4534534534534536,142244851.98889822,14954.738334545076,9.94594232455521
346,3.4634634634634636,142567177.94016698,15073.354472724755,10.010464917524555
347,3.4734734734734736,142888838.00513142,15192.888335364725,10.075983750535062
348,3.4834834834834836,143209829.0798213,15313.346530089924,10.142511983439325
349,3.4934934934934936,143530148.02083188,15434.735702309677,10.210062950947158
350,3.5035035035035036,143849791.64491588,15557.062535232482,10.278650163049624
351,3.5135135135135136,144168756.72857112,15680.333749875033,10.348287305372889
352,3.5235235235235236,144487040.00762767,15804.556105066229,10.41898823944662
353,3.5335335335335336,144804638.17683342,15929.736397446046,10.49076700288259
354,3.5435435435435436,145121547.88943925,16055.88146145917,10.56363780945901
355,3.5535535535535536,145437765.75678322,16182.998169343267,10.637615049105982
356,3.5635635635635636,145753288.3478743,16311.093431111773,10.712713287787343
357,3.5735735735735736,146068112.18897587,16440.174194531137,10.788947267274494
358,3.5835835835835836,146382233.76328614,16570.247445137516,10.866331905409039
359,3.5935935935935936,146695649.51047134,16701.32020617915,10.944882295333374
360,3.6036036036036037,147008355.8261589,16833.399538534086,11.024613704348699
361,3.6136136136136137,147320349.06158948,16966.49254069555,11.10554157362587
362,3.6236236236236237,147631625.52320573,17100.606348721347,11.187681517384723
363,3.6336336336336337,147942181.47224244,17235.74813617712,11.271049321935838
364,3.6436436436436437,148252013.12431815,17371.92511407348,11.355660944579105
365,3.6536536536536537,148561116.6490286,17509.14453079674,11.441532512353342
366,3.6636636636636637,148869488.1695426,17647.41367203327,11.52868032063105
367,3.6736736736736737,149177123.76220006,17786.739860687285,11.617120831552267
368,3.6836836836836837,149484019.45611292,17927.130456791965,11.706870672291316
369,3.6936936936936937,149790171.23277503,18068.592857417338,11.797946633249076
370,3.7037037037037037,150095575.0257924,18211.13449664024,11.8903656680182
371,3.7137137137137137,150400226.72035298,18354.76284535149,11.984144888752036
372,3.7237237237237237,150704122.15283847,18499.48541113735,12.079301563644284
373,3.7337337337337337,151007257.11048555,18645.309738180214,12.175853114957636
374,3.7437437437437437,151309627.33101442,18792.243407129972,12.273817116221782
375,3.7537537537537538,151611228.50226292,18940.294034968145,12.373211289225098
376,3.7637637637637638,151912056.26182696,19089.469274864794,12.474053500793307
377,3.7737737737737738,152212106.19670716,19239.776816028047,12.576361759348131
378,3.7837837837837838,152511373.8429626,19391.224383546167,12.680154211239016
379,3.793793793793794,152809854.68537182,19543.819738222097,12.785449136840663
380,3.803803803803804,153107544.15710196,19697.570676400326,12.892264946409165
381,3.813813813813814,153404437.63939643,19852.485029803636,13.000620176791859
382,3.823823823823824,153700530.46131554,20008.570665435815,13.110533492503269
383,3.833833833833834,153995817.89934337,20165.835485235864,13.222023671466173
384,3.843843843843844,154290295.17711958,20324.287425917828,13.335109602610334
385,3.853853853853854,154583957.46516588,20483.934458775588,13.449810281504066
386,3.863863863863864,154876799.88061506,20644.784589465526,13.566144804824987
387,3.873873873873874,155168817.48695204,20806.84585778133,13.684132364560142
388,3.883883883883884,155460005.293767,20970.126337420872,13.803792241929035
389,3.893893893893894,155750358.25652212,21134.634135745117,13.925143801023129
390,3.903903903903904,156039871.2763314,21300.377393528965,14.048206482155294
391,3.913913913913914,156328539.19975537,21467.364284704065,14.172999794912629
392,3.923923923923924,156616356.81861052,21635.603016093464,14.29954331090604
393,3.933933933933934,156903318.86974043,21805.101827184462,14.42785666133693
394,3.943943943943944,157189420.034786,21975.868989908206,14.557959535902423
395,3.953953953953954,157474654.94023934,22147.912808182416,14.68987165608911
396,3.963963963963964,157759018.15722993,22321.241617690863,14.823612775237292
397,3.973973973973974,158042504.20141008,22495.86378558529,14.959202670614154
398,3.983983983983984,158325107.53286448,22671.787710174824,15.096661134680259
399,3.993993993993994,158606822.55603984,22849.02182060751,15.236007966059496
400,4.004004004004004,158887643.61969453,23027.57457654398,15.377262960209704
401,4.014014014014014,159167565.0168697,23207.45446782322,15.520445899791286
402,4.024024024024024,159446580.98488218,23388.670014120624,15.665576544731424
403,4.034034034034034,159724685.70534053,23571.229764598123,15.81267462198146
404,4.044044044044044,160001873.30418435,23755.142297546645,15.961759814965346
405,4.054054054054054,160278137.85136658,23940.416220085724,16.112851767427582
406,4.064064064064064,160553473.36106226,24127.060167770192,16.26597006765005
407,4.074074074074074,160827873.79225764,24315.08280412916,16.421134218742743
408,4.084084084084084,161101333.04857415,24504.492820331983,16.57836363910433
409,4.094094094094094,161373844.97842142,24695.29893479565,16.737677651001988
410,4.104104104104104,161645403.3751769,24887.509892785114,16.899095468911725
411,4.114114114114114,161916001.97739333,25081.13446600662,17.06263618762788
412,4.124124124124124,162185634.46903467,25276.181452194167,17.22831877014783
413,4.134134134134134,162454294.4797415,25472.659674689185,17.396162035338612
414,4.1441441441441444,162721975.58512643,25670.577982013634,17.56618464539259
415,4.1541541541541545,162988671.3071004,25869.945247436546,17.73840509307987
416,4.1641641641641645,163254375.11419535,26070.770368533587,17.91284168958463
417,4.1741741741741745,163519080.4208889,26273.062266721183,18.089512574519993
418,4.1841841841841845,163782780.5891544,26476.829886825435,18.268435678192596
419,4.1941941941941945,164045468.92907652,26682.082196627027,18.449628704725434
420,4.2042042042042045,164307138.6989371,26888.82818638998,18.633109127304355
421,4.2142142142142145,164567783.1057072,27097.076868391694,18.81889417523164
422,4.2242242242242245,164827395.30557266,27306.8372764476,19.007000820942498
423,4.2342342342342345,165085968.40449217,27518.118465430573,19.19744576700435
424,4.2442442442442445,165343495.4587898,27730.929510785256,19.39024543312002
425,4.2542542542542545,165599969.47578174,27945.279508037638,19.58541594315686
426,4.2642642642642645,165855383.4144379,28161.17757229994,19.782973112224905
427,4.2742742742742745,166109730.1860791,28378.632837771172,19.98293243382824
428,4.2842842842842845,166363002.65486947,28597.654457197652,20.185309068835632
429,4.2942942942942945,166615193.6369999,28818.2516011295,20.390117844171293
430,4.3043043043043046,166866295.9039201,29040.433457770294,20.59737322304167
431,4.314314314314315,167116302.18256152,29264.209232370024,20.80708929707891
432,4.324324324324325,167365205.15588418,29489.5881466575,21.019279776655676
433,4.334334334334335,167612997.46373895,29716.57943831111,21.233957979469
434,4.344344344344345,167859671.70376194,29945.192360425986,21.45113681944681
435,4.354354354354355,168105220.43230125,30175.436180977933,21.67082879601433
436,4.364364364364365,168349636.1653759,30407.320182284195,21.89304598375904
437,4.374374374374375,168592911.3796667,30640.853660461467,22.117800022534215
438,4.384384384384385,168835038.51353925,30876.045924881262,22.345102108042703
439,4.394394394394395,169076009.96809852,31112.906297622954,22.57496298294393
440,4.404404404404405,169315818.10768145,31351.444112733603,22.807392919571306
441,4.414414414414415,169554455.25990313,31591.66871533199,23.042401696051126
442,4.424424424424425,169791913.7193353,31833.589461871416,23.279998627448606
443,4.434434434434435,170028185.74758345,32077.21571923118,23.520192542802985
444,4.444444444444445,170263263.57434577,32322.55686411366,23.762991777285805
445,4.454454454454455,170497139.39858878,32569.62228246875,24.00840416648993
446,4.464464464464465,170729805.389745,32818.42136891563,24.256437041479302
447,4.474474474474475,170961253.6889317,33068.963526162,24.507097224646987
448,4.484484484484485,171191476.41018945,33321.25816442085,24.760391026430522
449,4.494494494494495,171420465.6417391,33575.31470082499,25.01632424293473
450,4.504504504504505,171648213.4472563,33831.142558839354,25.274902154513722
451,4.514514514514515,171874711.86716172,34088.75116767134,25.53612952536499
452,4.524524524524525,172099952.9195837,34348.14996134123,25.800010567398584
453,4.534534534534535,172323928.6016197,34609.34837803327,26.06654893597456
454,4.544544544544545,172546630.8911903,34872.35586001918,26.33574778933641
455,4.554554554554555,172768051.74805573,35137.181852743226,26.607609758155323
456,4.564564564564565,172988183.1151202,35403.83580418273,26.882136946529872
457,4.574574574574575,173207016.91973835,35672.32716420317,27.159330933891248
458,4.584584584584585,173424545.0750196,35942.665383906235,27.43919277770323
459,4.594594594594595,173640759.4811283,36214.85991497055,27.721723016973737
460,4.604604604604605,173855652.02730647,36488.920209238895,28.006921693949366
461,4.614614614614615,174069214.5941295,36764.855718382045,28.294788382440064
462,4.624624624624625,174281439.0525675,37042.67589244515,28.58532214125426
463,4.634634634634635,174492317.26631257,37322.39017952881,28.878521546612973
464,4.644644644644645,174701841.09319344,37604.00802514921,29.17438470416291
465,4.654654654654655,174910002.3865374,37887.53887157752,29.47290926114254
466,4.664664664664665,175116792.9965262,38172.99215717563,29.774092419911046
467,4.674674674674675,175322204.77154425,38460.37731572826,30.077930952888785
468,4.684684684684685,175526229.55916706,38749.7037755197,30.384421190759326
469,4.694694694694695,175728859.20626864,39040.98095778236,30.693558942229345
470,4.704704704704705,175930085.5621647,39334.21827733252,31.00533966072511
471,4.714714714714715,176129900.47923198,39629.42514140058,31.319758410871273
472,4.724724724724725,176328295.81397384,39926.61094879061,31.636809873922086
473,4.734734734734735,176525263.42816257,40225.78508910596,31.956488362700473
474,4.744744744744745,176720795.18994755,40526.95694196228,32.27878783728427
475,4.754754754754755,176914882.97571534,40830.13587637792,32.60370193188402
476,4.764764764764765,177107518.6729764,41135.33125040842,32.931223996590134
477,4.774774774774775,177298694.17818344,41442.552409553464,33.2613470733483
478,4.784784784784785,177488401.39901683,41751.80868623915,33.594063932419566
479,4.794794794794795,177676632.2555932,42063.109399036905,33.929367095978684
480,4.804804804804805,177863378.68152127,42376.46385184254,34.267248861121075
481,4.814814814814815,178048632.62492698,42691.881333045254,34.607701323936226
482,4.824824824824825,178232386.04934472,43009.37111436456,34.95071636244214
483,4.834834834834835,178414630.93452293,43328.9424495141,35.29628559924446
484,4.844844844844845,178595359.2776616,43650.60457432455,35.64440055825092
485,4.854854854854855,178774563.09415185,43974.366705405024,35.99505263207408
486,4.864864864864865,178952234.4183987,44300.23803917448,36.348233100597376
487,4.874874874874875,179128365.30460837,44628.22775089816,36.703933152817456
488,4.884884884884885,179302947.8275322,44958.34499370545,37.06214390891691
489,4.894894894894895,179475974.0835506,45290.59889760992,37.42285643176669
490,4.904904904904905,179647436.19165277,45624.99856850673,37.7860617401939
491,4.914914914914915,179817326.29315853,45961.55308708365,38.15175085617181
492,4.924924924924925,179985636.5527322,46300.27150778526,38.519914814626816
493,4.934934934934935,180152359.15895244,46641.16285773456,38.89054468427
494,4.944944944944945,180317486.32482517,46984.23613563294,39.26363158858256
495,4.954954954954955,180481010.28824803,47329.50031063846,39.63916672663607
496,4.964964964964965,180642923.31390312,47676.96432131484,40.01714138550676
497,4.974974974974975,180803217.6941134,48026.63707449594,40.39754695791793
498,4.984984984984985,180961885.7467372,48378.52744394457,40.780374975747016
499,4.994994994994995,181118919.81684637,48732.64426922853,41.165617121924484
500,5.005005005005005,181274312.27712953,49088.99635449609,41.5532652487476
501,5.015015015015015,181428055.52825254,49447.59246722776,41.94331139572848
502,5.025025025025025,181580141.99918362,49808.44133696444,42.335747806888584
503,5.035035035035035,181730564.14750463,50171.55165397227,42.73056693100668
504,5.045045045045045,181879314.4596631,50536.9320679257,43.12776143911002
505,5.055055055055055,182026385.45116672,50904.591186605045,43.52732425772415
506,5.065065065065065,182171769.66678086,51274.53757449692,43.92924857134477
507,5.075075075075075,182315459.68067607,51646.77975139375,44.33352783449275
508,5.085085085085085,182457448.09653866,52021.326190966625,44.740155782752566
509,5.095095095095095,182597727.54765448,52398.18531931312,45.14912644285054
510,5.105105105105105,182736290.69918612,52777.36551391573,45.56043416690641
511,5.115115115115115,182873130.24727523,53158.87510195614,45.97407362993
512,5.125125125125125,183008238.91749302,53542.72235848041,46.39003981912094
513,5.135135135135135,183141609.46603748,53928.91550508246,46.808328053465715
514,5.145145145145145,183273234.67983598,54317.46270835068,47.22893399001363
515,5.155155155155155,183403107.3766329,54708.372078289554,47.65185362903513
516,5.165165165165165,183531220.40507364,55101.651666720805,48.07708331835476
517,5.175175175175175,183657566.64535812,55497.309465948536,48.50461977737184
518,5.185185185185185,183782139.00892115,55895.353406920935,48.93446008536521
519,5.195195195195195,183904930.4382433,56295.791357436545,49.36660167359644
520,5.205205205205205,184025933.90714797,56698.6311205708,49.8010423338662
521,5.215215215215215,184145142.42087406,57103.88043296944,50.23778021799845
522,5.225225225225225,184262549.01614654,57511.54696311837,50.676813836133356
523,5.235235235235235,184378146.76126918,57921.63830960383,51.11814205502773
524,5.245245245245245,184491928.75689745,58334.16199975433,51.56176413064497
525,5.255255255255255,184603888.1355468,58749.12548750388,52.00767967328756
526,5.265265265265265,184714018.0615479,59166.53615149643,52.45588863465038
527,5.275275275275275,184822311.73138258,59586.40129339118,52.90639131324268
528,5.285285285285285,184928762.3738243,60008.728136024445,53.35918834796943
529,5.295295295295295,185033363.25009108,60433.52382155136,53.81428071064836
530,5.305305305305305,185136107.65404978,60860.795409598715,54.2716697003529
531,5.315315315315315,185236988.9130364,61290.549875904886,54.73135698374661
532,5.325325325325325,185336000.3874524,61722.79410989216,55.19334453703007
533,5.335335335335335,185433135.47098672,62157.53491273218,55.65763463438944
534,5.345345345345345,185528387.5910494,62594.77899555285,56.12422985026835
535,5.355355355355355,185621750.2090827,63034.53297750471,56.593133049264665
536,5.365365365365365,185713216.82090163,63476.80338381273,57.064347375310994
537,5.375375375375375,185802780.95713255,63921.59664388108,57.53787624429308
538,5.385385385385385,185890436.18210244,64368.919089341245,58.01372334789849
539,5.395395395395395,185976176.09640762,64818.77695219307,58.49189262985736
540,5.405405405405405,186059994.336211,65271.17636250837,58.972388262589654
541,5.415415415415415,186141884.57390928,65726.12334659374,59.455214644184345
542,5.425425425425425,186221840.51860347,66183.6238249773,59.94037638530683
543,5.435435435435435,186299855.91660812,66643.68361038702,60.42787829573026
544,5.445445445445445,186375924.55195102,67106.30840575151,60.917725373260254
545,5.455455455455455,186450040.2465676,67571.50380241287,61.40992281195938
546,5.465465465465465,186522196.86129686,68039.27527784237,61.90447596639994
547,5.475475475475475,186592388.2964582,68509.62819364111,62.40139034171735
548,5.485485485485485,186660608.49246296,68982.56779353468,62.90067158352739
549,5.495495495495495,186726851.43045294,69458.09920131085,63.40232546254013
550,5.505505505505505,186791111.1328481,69936.22741870751,63.906357853838166
551,5.515515515515515,186853381.66434103,70416.95732343677,64.41277473290731
552,5.525525525525525,186913657.13260326,70900.29366709138,64.92158215822575
553,5.535535535535535,186971931.68908662,71386.24107306547,65.43278625614664
554,5.545545545545545,187028199.52972862,71874.80403464062,65.94639321735849
555,5.555555555555555,187082454.8956838,72365.9869130732,66.46240929365439
556,5.565565565565565,187134692.07451057,72859.79393516858,66.98084076021098
557,5.575575575575575,187184905.4009643,73356.2291913606,67.50169391225005
558,5.585585585585585,187233089.2579392,73855.29663364548,68.02497505205625
559,5.595595595595595,187279238.07736784,74357.00007369216,68.55069048159034
560,5.605605605605605,187323346.34123424,74861.34318074684,69.0788464886441
561,5.615615615615615,187365408.58266252,75368.32947942505,69.60944932950117
562,5.625625625625625,187405419.3869394,75877.9623477336,70.14250521900829
563,5.635635635635635,187443373.39258948,76390.24501502252,70.67802031851302
564,5.645645645645645,187479265.29225153,76905.18056020085,71.2160007323243
565,5.655655655655655,187513089.8339725,77422.77190950059,71.7564524898194
566,5.665665665665665,187544841.822406,77943.02183438468,72.29938153224145
567,5.675675675675675,187574516.11993384,78465.93294957686,72.84479370348737
568,5.685685685685685,187602107.64785543,78991.50771107536,73.39269474071335
569,5.6956956956956954,187627611.38751218,79519.74841447704,73.94309027659436
570,5.7057057057057055,187651022.38164464,80050.6571926121,74.49598581595816
571,5.7157157157157155,187672335.73565167,80584.23601360021,75.05138672821616
572,5.7257257257257255,187691546.61887684,81120.48667890753,75.60929823990801
573,5.7357357357357355,187708650.26565215,81659.41082138216,76.16972542431456
574,5.7457457457457455,187723641.97693655,82201.00990372205,76.73267320301711
575,5.7557557557557555,187736517.12089053,82745.28521579437,77.29814631920178
576,5.7657657657657655,187747271.13526142,83292.23787318426,77.86614934573744
577,5.7757757757757755,187755899.52825043,83841.868815109,78.43668667137149
578,5.7857857857857855,187762397.87970492,84394.17880270038,79.0097624962066
579,5.7957957957957955,187766761.84238598,84949.1684172245,79.58538082643427
580,5.8058058058058055,187768987.14390823,85506.83805774328,80.16354546241159
581,5.8158158158158155,187769069.58792812,86067.18793940012,80.74425999417964
582,5.8258258258258255,187767005.0555561,86630.21809151956,81.32752779476347
583,5.8358358358358355,187762789.50666472,87195.92835599599,81.91335201780986
584,5.8458458458458455,187756418.9809229,87764.3183864212,82.50173560629004
585,5.8558558558558556,187747889.59979096,88335.38764461834,83.09268126236532
586,5.865865865865866,187737197.56775218,88909.13539923707,83.68619144811846
587,5.875875875875876,187724339.17368194,89485.560723977,84.28226838071807
588,5.885885885885886,187709310.79230827,90064.66249590275,84.8809140292589
589,5.895895895895896,187692108.88635382,90646.43939590277,85.48213014731529
590,5.905905905905906,187672730.00717133,91230.88990440902,86.08591822655121
591,5.915915915915916,187651170.796181,91818.01229963958,86.69227949235365
592,5.925925925925926,187627427.9864409,92407.80465625947,87.30121490643755
593,5.935935935935936,187601498.40407705,93000.26484360408,87.91272516211441
594,5.945945945945946,187573378.97035095,93595.39052647342,88.52681071630319
595,5.955955955955956,187543066.70277953,94193.17916210617,89.14347176694524
596,5.965965965965966,187510558.71615362,94793.6279967417,89.76270822453608
597,5.975975975975976,187475852.224264,95396.73406503798,90.38451972446474
598,5.985985985985986,187438944.54135025,96002.49418837106,91.00890562337256
599,5.995995995995996,187399833.08356354,96610.9049748662,91.63586501291907
600,6.006006006006006,187358515.37042764,97221.96281921287,92.26539673137717
601,6.016016016016016,187314989.0262549,97835.66389685243,92.89749931865384
602,6.026026026026026,187269251.78161037,98452.00416416768,93.53217103165032
603,6.036036036036036,187221301.47476193,99070.97935693794,94.16940984218417
604,6.046046046046046,187171136.0793971,99692.58496265838,94.80921341173347
605,6.056056056056056,187118753.58144715,100316.81634953171,95.45157925457598
606,6.066066066066066,187064152.2073912,100943.66852831487,96.09650444333559
607,6.076076076076076,187007330.23263946,101573.13634956602,96.74398583366757
608,6.086086086086086,186948286.05117828,102205.21443270687,97.39401998901324
609,6.096096096096096,186887018.1756618,102839.89716625346,98.0466031825972
610,6.106106106106106,186823525.23868284,103477.17871102024,98.70173142513993
611,6.116116116116116,186757805.99121293,104117.05299618769,99.35940043084517
612,6.126126126126126,186689859.3026412,104759.51371939955,100.01960561824158
613,6.136136136136136,186619684.16108003,105404.5543475339,100.68234211685137
614,6.146146146146146,186547279.673365,106052.16811670318,101.34760476719032
615,6.156156156156156,186472645.07536775,106702.34802516394,102.01538812835902
616,6.166166166166166,186395779.75161558,107355.08681982826,102.68568649248506
617,6.176176176176176,186316683.19065285,108010.37702695321,103.35849385186422
618,6.186186186186186,186235355.00169444,108668.21094069132,104.03380391121935
619,6.196196196196196,186151794.91618755,109328.58062201708,104.71161008884967
620,6.206206206206206,186066002.787992,109991.47789859015,105.39190551664989
621,6.216216216216216,185977978.64173526,110656.89432814841,106.07468304518791
622,6.226226226226226,185887722.64368382,111324.8212205597,106.75993524064614
623,6.236236236236236,185795235.0630528,111995.24966711232,107.44765438075838
624,6.246246246246246,185700516.29807088,112668.1705207827,108.13783245754702
625,6.256256256256256,185603566.8759803,113343.57439623529,108.83046117732304
626,6.266266266266266,185504387.46029222,114021.4516650761,109.52553196231871
627,6.276276276276276,185402978.9063233,114701.79241952075,110.2230359631848
628,6.286286286286286,185299342.18158552,115384.58652447538,110.92296404107614
629,6.296296296296296,185193478.37929896,116069.82360869658,111.6253067706923
630,6.306306306306306,185085388.72829187,116757.4930583149,112.33005444250543
631,6.316316316316316,184975074.59300044,117447.58401683481,113.03719706276017
632,6.326326326326326,184862537.49723256,118140.08537313159,113.74672436459954
633,6.336336336336336,184747779.1449192,118834.98575096964,114.45862581778047
634,6.346346346346346,184630801.35008866,119532.2735443729,115.17289059588866
635,6.356356356356356,184511606.06724456,120231.93690228081,115.88950759056111
636,6.366366366366366,184390195.39249855,120933.96372797608,116.6084654120165
637,6.376376376376376,184266571.56447306,121638.341678805,117.32975238969641
638,6.386386386386386,184140737.00730538,122345.05815285283,118.05335660281268
639,6.396396396396396,184012694.2919394,123054.10030093735,118.77926585285167
640,6.406406406406406,183882446.1198442,123765.45503165366,119.50746765200863
641,6.416416416416417,183749995.33942333,124479.10900628977,120.23794923484428
642,6.426426426426427,183615344.94601515,125195.04863882641,120.97069755828446
643,6.436436436436437,183478498.08978418,125913.26009562804,121.70569930925677
644,6.446446446446447,183339458.11090025,126633.72929406386,122.44294093873097
645,6.456456456456457,183198228.48066446,127356.44190481535,123.1824086047502
646,6.466466466466467,183054812.8172757,128081.38335125826,123.92408818768722
647,6.476476476476477,182909214.89044285,128808.53880928195,124.66796529470749
648,6.486486486486487,182761438.6213849,129537.89320728925,125.41402525976912
649,6.496496496496497,182611488.1022128,130269.43123329258,126.16225317099217
650,6.506506506506507,182459367.59860718,131003.13733589416,126.91263387443949
651,6.516516516516517,182305081.51295206,131738.99571078888,127.66515192205826
652,6.526526526526527,182148634.40275484,132476.99030750807,128.4197915976908
653,6.536536536536537,181990030.980793,133217.10482947322,129.17653691728157
654,6.546546546546547,181829276.11590257,133959.32273474857,129.9353716307894
655,6.556556556556557,181666374.85091764,134703.6272531645,130.69627926569183
656,6.566566566566567,181501332.39079785,135450.00137498518,131.45924309819353
657,6.576576576576577,181334154.09787363,136198.427846639,132.2242461413166
658,6.586586586586587,181164845.4885179,136948.8891738542,132.99127112793406
659,6.596596596596597,180993412.2376791,137701.36762186352,133.76030052757082
660,6.606606606606607,180819860.18087524,138455.8452159338,134.5313165545159
661,6.616616616616617,180644195.31771675,139212.30375215787,135.30430119833213
662,6.626626626626627,180466423.80872452,139970.72479046264,136.0792362008221
663,6.636636636636637,180286551.97406352,140731.08965211775,136.85610304693662
664,6.646646646646647,180104586.29591906,141493.37943224964,137.6348829838962
665,6.656656656656657,179920533.41763723,142257.57499332164,138.41555701374958
666,6.666666666666667,179734400.14336726,143023.65696274236,139.19810589044818
667,6.676676676676677,179546193.4387898,143791.60574665933,139.9825101305292
668,6.686686686686687,179355920.43083885,144561.4015226735,140.76875000796784
669,6.696696696696697,179163588.40755978,145333.02423709523,141.55680555267242
670,6.706706706706707,178969204.81782833,146106.4536224402,142.34665657387475
671,6.716716716716717,178772777.2716366,146881.66918598954,143.1382826436471
672,6.726726726726727,178574313.5401899,147658.6502059163,143.93166309132135
673,6.736736736736737,178373821.55519196,148437.3757426685,144.72677701820297
674,6.746746746746747,178171309.4073596,149217.82465747854,145.52360332022997
675,6.756756756756757,177966785.3488692,149999.9755818766,146.3221206506517
676,6.766766766766767,177760257.79255876,150783.8069273425,147.12230743178935
677,6.776776776776777,177551735.30853856,151569.29690936772,147.92414188107423
678,6.786786786786787,177341226.62597144,152356.42353504457,148.72760199769252
679,6.796796796796797,177128740.63479456,153145.16459106206,149.53266554966842
680,6.806806806806807,176914286.383385,153935.49765788065,150.33931008944597
681,6.816816816816817,176697873.0736966,154727.40013554777,151.14751298293478
682,6.826826826826827,176479510.0680501,155520.849207653,151.95725136895496
683,6.836836836836837,176259206.88965216,156315.82184056938,152.76850215852133
684,6.846846846846847,176036973.20616964,157112.29485581414,153.58124211523509
685,6.856856856856857,175812818.85078833,157910.24483773377,154.39544775276113
686,6.866866866866867,175586753.8093197,158709.64819002373,155.21109539759738
687,6.876876876876877,175358788.22214168,159510.48112508032,156.02816117666592
688,6.886886886886887,175128932.36986005,160312.71971600963,156.84662107211605
689,6.896896896896897,174897196.69559944,161116.33981678917,157.6664508375311
690,6.906906906906907,174663591.7982258,161921.31708706095,158.48762602412256
691,6.916916916916917,174428128.42959237,162727.62700244194,159.3101219917005
692,6.926926926926927,174190817.49387255,163535.24485732388,160.13391391174846
693,6.936936936936937,173951670.04689226,164344.14576767295,160.95897677049862
694,6.946946946946947,173710697.29546282,165154.30467382944,161.78528537200677
695,6.956956956956957,173467910.58702925,165965.6963659399,162.61281436451506
696,6.966966966966967,173223321.39176783,166778.2955270365,163.44153828497306
697,6.976976976976977,172976941.34316093,167592.07663945138,164.27143146293656
698,6.986986986986987,172728782.2205188,168407.01402690445,165.1024680640681
699,6.996996996996997,172478855.94656304,169223.08186139097,165.93462209741836
700,7.007007007007007,172227174.58646536,170040.25416666802,166.7678674192079
701,7.017017017017017,171973750.34688637,170858.50482174096,167.60217773660872
702,7.027027027027027,171718595.5750144,171677.80756435008,168.4375266115261
703,7.037037037037037,171461722.75279638,172498.13597022547,169.27388743236796
704,7.047047047047047,171203144.4950903,173319.4634521069,170.1112334119255
705,7.057057057057057,170942873.5584034,174141.76331211434,170.94953765573595
706,7.067067067067067,170680922.83478677,174965.0087193084,171.78877313161323
707,7.077077077077077,170417305.35073027,175789.17271245155,172.62891267247127
708,7.087087087087087,170152034.2661135,176614.228203052,173.46992897952126
709,7.097097097097097,169885122.8731566,177440.14797840762,174.3117946254685
710,7.107107107107107,169616584.5952657,178266.90470475348,175.15448205775883
711,7.117117117117117,169346432.96698216,179094.47094888598,175.99796361063142
712,7.127127127127127,169074681.64627722,179922.819168159,176.84221150209683
713,7.137137137137137,168801344.426366,180751.92170094996,177.68719783113937
714,7.147147147147147,168526435.22430718,181581.75077982555,178.5328945857383
715,7.157157157157157,168249968.07971847,182412.27853481603,179.3792736461746
716,7.167167167167167,167971957.1534918,183243.47699668971,180.22630678833798
717,7.177177177177177,167692416.72650868,184075.31810022722,181.07396568703362
718,7.187187187187187,167411361.1971971,184907.77368883986,181.92222192157752
719,7.197197197197197,167128805.05742553,185740.81554432103,182.7710470241825
720,7.207207207207207,166844762.917711,186574.4153593837,183.62041243093344
721,7.217217217217217,166559249.50700015,187408.54473969896,184.4702894829892
722,7.227227227227227,166272279.66440788,188243.17521526423,185.32064944367048
723,7.237237237237237,165983868.3376898,189078.27824395953,186.1714635022466
724,7.247247247247247,165694030.5817146,189913.82521510357,187.02270277772203
725,7.257257257257257,165402781.55693668,190749.78745301,187.874338322623
726,7.267267267267267,165110136.2139873,191586.13689509802,188.72634186519778
727,7.277277277277277,164816110.67670292,192422.8430810906,189.5786825285698
728,7.287287287287287,164520719.84732798,193259.87836271035,190.4313325091171
729,7.297297297297297,164223979.30551764,194097.21379286624,191.2842625880366
730,7.307307307307307,163925904.71639696,194934.82040057235,192.13744352587264
731,7.317317317317317,163626511.83056086,195772.66919094793,192.99084606251702
732,7.327327327327327,163325816.48407432,196610.7311452174,193.84444091720889
733,7.337337337337337,163023834.59847218,197448.97722071025,194.69819878853488
734,7.347347347347347,162720582.17722815,198287.3783536508,195.5520903403127
735,7.357357357357357,162416075.29284674,199125.90546935576,196.40608614998777
736,7.367367367367367,162110330.1016021,199964.52947059096,197.2601567675592
737,7.377377377377377,161803362.8421424,200803.22124401404,198.1142727346619
738,7.387387387387387,161495189.83535525,201641.95166185353,198.9684045912947
739,7.397397397397397,161185827.4811382,202480.69157951663,199.82252284645165
740,7.407407407407407,160875292.24252757,203319.41186694836,200.67659809042118
741,7.4174174174174174,160563600.65733913,204158.0833879197,201.53060092604227
742,7.4274274274274275,160250769.33538955,204996.67700475574,202.38450194618758
743,7.4374374374374375,159936814.94330835,205835.16360478246,203.2382717192085
744,7.4474474474474475,159621754.1087628,206673.51404435313,204.09188080917505
745,7.4574574574574575,159305603.94938982,207511.69931195443,204.9452998581841
746,7.4674674674674675,158988381.02918282,208349.69027012674,205.79849943840523
747,7.4774774774774775,158670102.33512923,209187.45788149396,206.65145018244866
748,7.4874874874874875,158350784.85686234,210024.9731428884,207.50412279083326
749,7.4974974974974975,158030445.60208398,210862.20706462342,208.35648797588004
750,7.5075075075075075,157709101.65334302,211699.1307101592,209.20851649326272
751,7.5175175175175175,157386770.11644477,212535.7151658391,210.06017912063177
752,7.5275275275275275,157063468.1644555,213371.93157845855,210.9114466924013
753,7.5375375375375375,156739213.00372228,214207.75113895477,211.76229008933868
754,7.5475475475475475,156414021.88678312,215043.14509612482,212.6126802507267
755,7.5575575575575575,156087912.19441646,215878.0849130346,213.4625883318004
756,7.5675675675675675,155760901.25704455,216712.54197186313,214.3119854062437
757,7.5775775775775776,155433006.36990345,217546.48759827015,215.16084249075706
758,7.587587587587588,155104244.82822913,218379.89311791537,216.00913060204095
759,7.597597597597598,154774633.94974902,219212.72990768403,216.85682080816684
760,7.607607607607608,154444191.3567674,220044.97003815562,217.70388487287062
761,7.617617617617618,154112934.56785932,220876.58534365933,218.55029432296686
762,7.627627627627628,153780881.02740392,221707.54748953803,219.396020515804
763,7.637637637637638,153448048.17978022,222537.82814113455,220.2410348087303
764,7.647647647647648,153114453.48361516,223367.39902927933,221.08530862477895
765,7.657657657657658,152780114.59415916,224196.23278854394,221.928814293447
766,7.667667667667668,152445049.10057384,225024.30174973604,222.7715238395523
767,7.677677677677678,152109274.54361767,225851.5780211873,223.61340906476659
768,7.687687687687688,151772808.4640491,226678.03371122954,224.45444177076166
769,7.697697697697698,151435668.55515146,227503.64312693055,225.29459598410887
770,7.707707707707708,151097872.05344903,228328.37399090786,226.1338390685787
771,7.717717717717718,150759436.84444746,229152.20338122637,226.97214785471263
772,7.727727727727728,150420380.48251215,229975.10360236999,227.80949434266856
773,7.737737737737738,150080720.52943167,230797.0470658319,228.6458506408872
774,7.747747747747748,149740474.55115297,231618.00634647303,229.48118902329745
775,7.757757757757758,149399660.07159844,232437.95497975868,230.31548273853716
776,7.767767767767768,149058294.62942842,233256.86648189172,231.14870501535717
777,7.777777777777778,148716395.77680776,234074.71437110406,231.9808290842324
778,7.787787787787788,148373981.06811336,234891.47236259503,232.81182837523096
779,7.797797797797798,148031068.05993414,235707.11436853165,233.64167651801415
780,7.807807807807808,147687674.2706064,236521.6144187098,234.47034726011532
781,7.817817817817818,147343817.05514207,237334.94641532667,235.2978142143486
782,7.827827827827828,146999513.84247985,238147.08459815782,236.12405133795428
783,7.837837837837838,146654782.0594134,238958.0033954034,236.9490327789664
784,7.847847847847848,146309639.11724102,239767.67739751263,237.7727328492511
785,7.857857857857858,145964102.41176584,240576.08135718375,238.5951260245066
786,7.867867867867868,145618189.25112766,241383.1901806135,239.41618693835304
787,7.877877877877878,145271916.8407046,242188.97892566645,240.23589038109583
788,7.887887887887888,144925302.42897904,242993.42281956147,241.05421131167165
789,7.897897897897898,144578363.2356243,243796.4972501522,241.87112485175888
790,7.907907907907908,144231116.45075184,244598.17776583566,242.686606285716
791,7.917917917917918,143883579.23253715,245398.44007872595,243.50063106390007
792,7.927927927927928,143535768.60428327,246197.2602022603,244.31317494655593
793,7.937937937937938,143187701.55007595,246994.61432332694,245.12421387010528
794,7.947947947947948,142839395.05054784,247790.47875445508,245.933723897154
795,7.957957957957958,142490866.04444104,248584.82998519824,246.74168127022142
796,7.967967967967968,142142131.42860729,249377.64468213444,247.54806241174046
797,7.977977977977978,141793208.11128157,250168.89962213536,248.35284386050975
798,7.987987987987988,141444112.59145153,250958.57221924636,249.15600277344373
799,7.997997997997998,141094861.68524238,251746.63961482045,249.95751605910317
800,8.008008008008009,140745472.0157523,252533.07931654813,250.757360986246
801,8.018018018018019,140395960.15905106,253317.86901557952,251.55551500967206
802,8.028028028028029,140046342.64210036,254100.98658913028,252.35195577270474
803,8.038038038038039,139696635.9002876,254882.41015035,253.14666115687018
804,8.048048048048049,139346856.22585097,255662.11810885186,253.9396093422229
805,8.058058058058059,138997019.9095175,256440.08900512505,254.73077864186521
806,8.068068068068069,138647143.1749646,257216.30158740544,255.52014757859175
807,8.078078078078079,138297242.17213392,257990.7348196716,256.30769489275343
808,8.088088088088089,137947332.97419617,258763.3678853679,257.093399545855
809,8.098098098098099,137597431.57451603,259534.1801911277,257.87724072415256
810,8.108108108108109,137247553.88361692,260303.15137049663,258.6591978422507
811,8.118118118118119,136897715.72952676,261070.26127711966,259.43925053999027
812,8.128128128128129,136547932.8624036,261835.4899645896,260.2173786708412
813,8.138138138138139,136198220.9346941,262598.8177425468,260.99356233885567
814,8.148148148148149,135848595.50456145,263360.2251602602,261.7677818894379
815,8.158158158158159,135499072.03371224,264119.6930076641,262.54001791123096
816,8.168168168168169,135149665.88446686,264877.2023187526,263.3102512395048
817,8.178178178178179,134800392.31682962,265632.7343749745,264.07846295954425
818,8.188188188188189,134451266.4855592,266386.27070862794,264.84463441003754
819,8.198198198198199,134102303.61525087,267137.79285989515,265.60874707483816
820,8.208208208208209,133753518.77450934,267887.2826887161,266.3707827261254
821,8.218218218218219,133404926.76338667,268634.72252990876,267.1307234965399
822,8.228228228228229,133056542.37379012,269380.09483211796,267.88855171744035
823,8.238238238238239,132708380.29172432,270123.3822924472,268.6442499817559
824,8.248248248248249,132360455.0953125,270864.56785853725,269.39780114677774
825,8.258258258258259,132012781.36003928,271603.6345658362,270.1491879165321
826,8.268268268268269,131665373.56149018,272340.56568613416,270.8983932181733
827,8.278278278278279,131318245.91696182,273075.34497005836,271.64540081806484
828,8.288288288288289,130971412.61449426,273807.9562940684,272.3901944187726
829,8.298298298298299,130624887.73421362,274538.3837803965,273.13275796251355
830,8.308308308308309,130278685.24702659,275266.61179809074,273.8730756313076
831,8.318318318318319,129932819.03203359,275992.6249250103,274.61113189377073
832,8.328328328328329,129587302.86774966,276716.4079644597,275.34691148664353
833,8.338338338338339,129242150.38226378,277437.94604748115,276.0803992940035
834,8.348348348348349,128897375.10926184,278157.22451430606,276.8115804902653
835,8.358358358358359,128552990.4687437,278874.22895290126,277.5404404955363
836,8.368368368368369,128209009.7658591,279588.94519971765,278.26696497611954
837,8.378378378378379,127865446.18641035,280301.3593366119,278.9911399562717
838,8.388388388388389,127522312.79470278,281011.4576904637,279.71295185159795
839,8.398398398398399,127179622.54638965,281719.2268500066,280.4323870020004
840,8.408408408408409,126837388.27280405,282424.65364992584,281.1494321562616
841,8.418418418418419,126495622.68415602,283127.7251766134,281.8640743269963
842,8.428428428428429,126154338.36833723,283828.4287688808,282.5763007921976
843,8.438438438438439,125813547.80007055,284526.75199840916,283.2860990340448
844,8.448448448448449,125473263.35379425,285222.6826428846,283.99345665505996
845,8.458458458458459,125133497.23347247,285916.2088218499,284.69836179809096
846,8.468468468468469,124794261.53683232,286607.31886925496,285.4008027510243
847,8.478478478478479,124455568.23512292,287296.0013714741,286.1007680638395
848,8.488488488488489,124117429.17204607,287982.2451677723,286.79824654939216
849,8.498498498498499,123779856.07821828,288666.0393251637,287.4932271870778
850,8.508508508508509,123442860.6198456,289347.3730568626,288.1856988125614
851,8.518518518518519,123106454.22785388,290026.23600270646,288.8756511803325
852,8.528528528528529,122770648.24803044,290702.6179803139,289.5630740189567
853,8.538538538538539,122435453.89706576,291376.50905626366,290.2479573000452
854,8.548548548548549,122100882.26174876,292047.89954612433,290.9302912373832
855,8.558558558558559,121766944.30702911,292716.78000100196,291.6100662954959
856,8.568568568568569,121433650.93871276,293383.14111101953,292.28727325637027
857,8.578578578578579,121101012.82448727,294046.973976249,292.9619030289269
858,8.588588588588589,120769040.54441804,294708.26987669204,293.63394680920266
859,8.598598598598599,120437744.54812859,295367.02033619274,294.3033960347549
860,8.608608608608609,120107135.15423988,296023.21712209616,294.97024238404884
861,8.618618618618619,119777222.55226994,296676.85224140034,295.6344777910023
862,8.62862862862863,119448016.85582536,297327.9178638061,296.2960947755127
863,8.63863863863864,119119527.96899952,297976.4065109895,296.95508562324596
864,8.64864864864865,118791765.69465841,298622.3109011292,297.6114430555728
865,8.65865865865866,118464739.70418447,299265.6239908885,298.2651600460166
866,8.66866866866867,118138459.53707938,299906.3389748405,298.91622982064854
867,8.67867867867868,117812934.60056691,300544.44928489404,299.5646458584826
868,8.68868868868869,117488174.21460724,301179.9485157995,300.2104015186201
869,8.6986986986987,117164187.50769828,301812.83059354,300.8534908938208
870,8.70870870870871,116840983.4975578,302443.0896427783,301.49390814448304
871,8.71871871871872,116518571.07042919,303070.7200193211,302.13164766586607
872,8.72872872872873,116196958.98016262,303695.7163103944,302.76670409277364
873,8.73873873873874,115876155.84794138,304318.0733338676,303.3990722989333
874,8.74874874874875,115556170.20792997,304937.7860626259,304.02874693078894
875,8.75875875875876,115237010.40739815,305554.84978614654,304.65572341672225
876,8.76876876876877,114918684.67594723,306169.2599964387,305.27999726179075
877,8.77877877877878,114601201.11474703,306781.0124043653,305.90156415345825
878,8.78878878878879,114284567.69301485,307390.1029441614,306.52041999389826
879,8.7987987987988,113968792.2478802,307996.5277724326,307.13656089797115
880,8.80880880880881,113653882.53500962,308600.2832035503,307.7499834083683
881,8.81881881881882,113339846.12533304,309201.3658378868,308.3606840523289
882,8.82882882882883,113026690.46554473,309799.77248483425,308.9686595990381
883,8.83883883883884,112714422.87937035,310395.5001600473,309.57390706360314
884,8.84884884884885,112403050.56032187,310988.54609335057,310.17642367461195
885,8.85885885885886,112092580.57173263,311578.9077275243,310.7762068728378
886,8.86886886886887,111783019.8908787,312166.5826691669,311.3732545249606
887,8.87887887887888,111474375.32663104,312751.5687770332,311.96756452047777
888,8.88888888888889,111166653.55542962,313333.86412175256,312.55913494569086
889,8.8988988988989,110859861.13595814,313913.46696870186,313.1479641538093
890,8.90890890890891,110554004.49937071,314490.37578745204,313.73405071581965
891,8.91891891891892,110249089.94949299,315064.58925037377,314.3173934200001
892,8.92892892892893,109945123.69104692,315636.1061947459,314.8979910062226
893,8.93893893893894,109642111.78302573,316204.9256823443,315.4758426086198
894,8.94894894894895,109340060.14886963,316771.04698505613,316.05094766069993
895,8.95895895895896,109038974.59629516,317334.46955792274,316.6233057091035
896,8.96896896896897,108738860.80846885,317895.1930495014,317.1929164985492
897,8.97897897897898,108439724.34432778,318453.2173003145,317.7597799702172
898,8.98898898898899,108141570.65781023,319008.54231603176,318.3238960840121
899,8.998998998999,107844405.0712055,319561.16830195766,318.88526506813844
900,9.00900900900901,107548232.7714665,320111.0956668368,319.44388745481217
901,9.01901901901902,107253058.83238366,320658.3249921025,319.99976387511117
902,9.02902902902903,106958888.2064864,321202.8570415763,320.55289513576963
903,9.03903903903904,106665725.72545618,321744.69275979337,321.1032822166992
904,9.04904904904905,106373576.1195744,322283.83325450803,321.65092640753596
905,9.05905905905906,106082443.99690312,322820.27981266653,322.1958291500854
906,9.06906906906907,105792333.82594055,323354.03391349246,322.7379919061466
907,9.07907907907908,105503249.96902739,323885.09719939006,323.2774163960085
908,9.08908908908909,105215196.67131357,324413.47148378374,323.81410451236894
909,9.0990990990991,104928178.06127961,324939.15874935396,324.34805831864765
910,9.10910910910911,104642198.1674372,325462.16113496484,324.87928010654696
911,9.11911911911912,104357260.90740924,325982.48094189697,325.407772352466
912,9.12912912912913,104073370.05804479,326500.1206533348,325.93353760446377
913,9.13913913913914,103790529.29624832,327015.0829044306,326.4565786281802
914,9.14914914914915,103508742.18645877,327527.3704896554,326.9768983573874
915,9.15915915915916,103228012.18128039,328036.986360959,327.49449989270283
916,9.16916916916917,102948342.63107215,328543.9336180134,328.0093864071809
917,9.17917917917918,102669736.78326534,329048.21550753294,328.5215611586759
918,9.18918918918919,102392197.75452049,329549.83544659085,329.03102778451984
919,9.1991991991992,102115728.56299423,330048.79699282727,329.5377899713998
920,9.20920920920921,101840332.11923215,330545.1038512124,330.04185155528864
921,9.21921921921922,101566011.22687319,331038.759872141,330.5432165193925
922,9.22922922922923,101292768.58845115,331529.7690460306,331.04188896178414
923,9.23923923923924,101020606.80952361,332018.13549906766,331.5378730729842
924,9.24924924924925,100749528.37351392,332503.8635090385,332.0311732877181
925,9.25925925925926,100479535.66814807,332986.9574857762,332.5217941298263
926,9.26926926926927,100210630.97853108,333467.421974486,333.0097402555773
927,9.27927927927928,99942816.48790412,333945.2616538035,333.4950164513012
928,9.28928928928929,99676094.28508358,334420.48133309546,333.9776276863953
929,9.2992992992993,99410466.3757443,334893.0859493234,334.4575791981868
930,9.30930930930931,99145934.63084508,335363.0805710375,334.93487605589974
931,9.31931931931932,98882500.83869372,335830.47039061564,335.40952358347124
932,9.32932932932933,98620166.69018835,336295.26072408096,335.88152722860764
933,9.33933933933934,98358933.77961293,336757.4570091561,336.3508925607359
934,9.34934934934935,98098803.60543272,337217.0648033166,336.81762526895466
935,9.35935935935936,97839777.57108979,337674.08978184505,337.281731159986
936,9.36936936936937,97581857.01499367,338128.5377370111,337.74321620510517
937,9.37937937937938,97325043.16054124,338580.41457416647,338.2020864529091
938,9.38938938938939,97069337.12559535,339029.7263101334,338.6583480418353
939,9.3993993993994,96814739.94919516,339476.4790722587,339.1120072415884
940,9.40940940940941,96561252.58034834,339920.6790960041,339.56307043095416
941,9.41941941941942,96308875.87888342,340362.3327230027,340.01154409584666
942,9.42942942942943,96057610.616302,340801.44639911456,340.4574348273545
943,9.43943943943944,95807457.47827156,341238.0266732329,340.90074932561737
944,9.44944944944945,95558417.10003906,341672.08021113987,341.341494520698
945,9.45945945945946,95310489.97605264,342103.6137518558,341.77967724640945
946,9.46946946946947,95063676.53885923,342532.6341413744,342.21530451572283
947,9.47947947947948,94817977.13773909,342959.14832056145,342.6483834398552
948,9.48948948948949,94573392.03960443,343383.16332323226,343.07892122648053
949,9.4994994994995,94329921.42989802,343804.68627422856,343.5069251779413
950,9.50950950950951,94087565.41349189,344223.72438749584,343.9324026894596
951,9.51951951951952,93846324.02441633,344640.284978901,344.3553611904397
952,9.52952952952953,93606197.21890907,345054.37545120635,344.77580819326636
953,9.53953953953954,93367184.86051577,345466.00326577574,345.19375139332806
954,9.54954954954955,93129286.74422467,345875.1759794385,345.609198517482
955,9.55955955955956,92892502.58940014,346281.9012292714,346.0221573735968
956,9.56956956956957,92656832.04070714,346686.18673071795,346.43263584859795
957,9.57957957957958,92422274.66903545,347088.04027570935,346.8406419065132
958,9.58958958958959,92188829.97242409,347487.46973078407,347.24618358651816
959,9.5995995995996,91956497.3816556,347884.4830824834,347.6492689865365
960,9.60960960960961,91725276.25073668,348279.0883297464,348.04990629359065
961,9.61961961961962,91495165.8649143,348671.293553823,348.44810375991057
962,9.62962962962963,91266165.44097574,349061.10691007326,348.84386970291024
963,9.63963963963964,91038274.12759653,349448.5366202524,349.23721250501666
964,9.64964964964965,90811491.00627126,349833.5909706969,349.62814061169485
965,9.65965965965966,90585815.09224448,350216.2783105098,350.0166625294734
966,9.66966966966967,90361245.33460946,350596.6070653118,350.4027868724685
967,9.67967967967968,90137780.61624391,350974.58575404494,350.78652241842417
968,9.68968968968969,89915419.76048349,351350.22287972685,351.16787777198175
969,9.6996996996997,89694161.5263099,351723.5270350687,351.5468616974622
970,9.70970970970971,89474004.61103202,352094.5068679185,351.9234830148653
971,9.71971971971972,89254947.6512123,352463.1710795289,352.2977505981523
972,9.72972972972973,89036989.2235932,352829.5284228263,352.6696733735282
973,9.73973973973974,88820127.84602368,353193.5877006785,353.0392603177247
974,9.74974974974975,88604361.97199516,353555.3578125658,353.4065205238977
975,9.75975975975976,88389690.00304574,353914.8476659149,353.7714630784675
976,9.76976976976977,88176110.28689304,354272.0661955251,354.1340970889573
977,9.77977977977978,87963621.1134348,354627.0223991469,354.49443173439647
978,9.78978978978979,87752220.7180925,354979.7253174426,354.852476238028
979,9.7997997997998,87541907.28272566,355330.18403234537,355.20823986571776
980,9.80980980980981,87332678.9365463,355678.4076654194,355.5617319243651
981,9.81981981981982,87124533.75601137,356024.40538098593,355.9129617610978
982,9.82982982982983,86917469.7508955,356368.1864537181,356.26193877308935
983,9.83983983983984,86711484.90564391,356709.7600783592,356.60867237488753
984,9.84984984984985,86506577.14535648,357049.1355310283,356.95317202367204
985,9.85985985985986,86302744.34669285,357386.3221209739,357.29544720998535
986,9.86986986986987,86099984.33876576,357721.32918903214,357.6355074561589
987,9.87987987987988,85898294.9040343,358054.16610608477,357.9733623147392
988,9.88988988988989,85697673.7791972,358384.8422715174,358.3090213669138
989,9.8998998998999,85498118.64527503,358713.3671498092,358.64249424890465
990,9.90990990990991,85299627.1393385,359039.7502307749,358.9737906223653
991,9.91991991991992,85102196.87173823,359364.0009704017,359.3029201305455
992,9.92992992992993,84905825.4010612,359686.12888078974,359.62989246381386
993,9.93993993993994,84710510.24406889,360006.1434967082,359.9547173346857
994,9.94994994994995,84516248.87656042,360324.0543741591,360.277404476327
995,9.95995995995996,84323038.73423581,360639.87108894176,360.5979636410581
996,9.96996996996997,84130877.21355914,360953.6032352168,360.9164045988579
997,9.97997997997998,83939761.63274822,361265.2605437643,361.2327373001297
998,9.98998998998999,83749689.32748176,361574.85259584134,361.54697148348794
999,10.0,83560657.58165585,361882.389032196,361.85911696307284
